sample,time_raw,adc,mv
0,-19999,10,0
1,0,10,0
2,20000,10,0
3,40000,10,0
4,60000,10,0
5,80000,10,0
6,100000,10,0
7,120000,10,0
8,140000,10,0
9,160000,10,0
10,180000,10,0
11,200000,10,0
12,220000,10,0
13,240000,10,0
14,260000,10,0
15,280000,10,0
16,300000,10,0
17,320000,10,0
18,340000,10,0
19,360000,-279,-4
20,380000,10,0
21,400000,10,0
22,420000,10,0
23,440000,10,0
24,460000,10,0
25,480000,10,0
26,500000,10,0
27,520000,10,0
28,540000,10,0
29,560000,10,0
30,580000,10,0
31,600000,10,0
32,620000,-279,-4
33,640000,10,0
34,660000,10,0
35,680000,10,0
36,700000,10,0
37,720000,10,0
38,740000,10,0
39,760000,10,0
40,780000,10,0
41,800000,10,0
42,820000,-279,-4
43,840000,10,0
44,860000,10,0
45,880000,10,0
46,900000,10,0
47,920000,-279,-4
48,940000,10,0
49,960000,10,0
50,980000,10,0
51,1000000,10,0
52,1020000,10,0
53,1040000,10,0
54,1060000,10,0
55,1080000,10,0
56,1100000,10,0
57,1120000,10,0
58,1140000,10,0
59,1160000,10,0
60,1180000,10,0
61,1200000,10,0
62,1220000,10,0
63,1240000,-279,-4
64,1260000,10,0
65,1280000,10,0
66,1300000,10,0
67,1320000,-279,-4
68,1340000,10,0
69,1360000,10,0
70,1380000,-279,-4
71,1400000,10,0
72,1420000,10,0
73,1440000,10,0
74,1460000,10,0
75,1480000,10,0
76,1500000,10,0
77,1520000,10,0
78,1540000,10,0
79,1560000,10,0
80,1580000,-279,-4
81,1600000,10,0
82,1620000,10,0
83,1640000,10,0
84,1660000,10,0
85,1680000,10,0
86,1700000,10,0
87,1720000,10,0
88,1740000,10,0
89,1760000,10,0
90,1780000,10,0
91,1800000,10,0
92,1820000,10,0
93,1840000,10,0
94,1860000,10,0
95,1880000,10,0
96,1900000,10,0
97,1920000,10,0
98,1940000,10,0
99,1960000,10,0
100,1980000,10,0
101,2000000,10,0
102,2020000,10,0
103,2040000,10,0
104,2060000,10,0
105,2080000,10,0
106,2100000,10,0
107,2120000,10,0
108,2140000,10,0
109,2160000,10,0
110,2180000,10,0
111,2200000,10,0
112,2220000,10,0
113,2240000,10,0
114,2260000,10,0
115,2280000,10,0
116,2300000,10,0
117,2320000,10,0
118,2340000,10,0
119,2360000,10,0
120,2380000,10,0
121,2400000,10,0
122,2420000,10,0
123,2440000,10,0
124,2460000,10,0
125,2480000,10,0
126,2500000,10,0
127,2520000,10,0
128,2540000,10,0
129,2560000,10,0
130,2580000,10,0
131,2600000,10,0
132,2620000,10,0
133,2640000,10,0
134,2660000,10,0
135,2680000,10,0
136,2700000,10,0
137,2720000,10,0
138,2740000,10,0
139,2760000,-279,-4
140,2780000,10,0
141,2800000,10,0
142,2820000,10,0
143,2840000,10,0
144,2860000,10,0
145,2880000,-279,-4
146,2900000,10,0
147,2920000,10,0
148,2940000,10,0
149,2960000,10,0
150,2980000,10,0
151,3000000,10,0
152,3020000,10,0
153,3040000,10,0
154,3060000,10,0
155,3080000,10,0
156,3100000,10,0
157,3120000,10,0
158,3140000,10,0
159,3160000,10,0
160,3180000,10,0
161,3200000,10,0
162,3220000,10,0
163,3240000,-279,-4
164,3260000,10,0
165,3280000,10,0
166,3300000,10,0
167,3320000,10,0
168,3340000,10,0
169,3360000,10,0
170,3380000,10,0
171,3400000,10,0
172,3420000,10,0
173,3440000,10,0
174,3460000,10,0
175,3480000,10,0
176,3500000,10,0
177,3520000,-279,-4
178,3540000,-279,-4
179,3560000,-279,-4
180,3580000,10,0
181,3600000,10,0
182,3620000,10,0
183,3640000,-279,-4
184,3660000,-279,-4
185,3680000,-279,-4
186,3700000,-279,-4
187,3720000,-279,-4
188,3740000,-279,-4
189,3760000,-279,-4
190,3780000,-279,-4
191,3800000,-279,-4
192,3820000,-279,-4
193,3840000,-279,-4
194,3860000,-279,-4
195,3880000,10,0
196,3900000,-279,-4
197,3920000,10,0
198,3940000,10,0
199,3960000,10,0
200,3980000,10,0
201,4000000,10,0
202,4020000,10,0
203,4040000,10,0
204,4060000,10,0
205,4080000,10,0
206,4100000,10,0
207,4120000,10,0
208,4140000,10,0
209,4160000,10,0
210,4180000,10,0
211,4200000,299,4
212,4220000,299,4
213,4240000,299,4
214,4260000,10,0
215,4280000,10,0
216,4300000,10,0
217,4320000,10,0
218,4340000,10,0
219,4360000,10,0
220,4380000,10,0
221,4400000,10,0
222,4420000,10,0
223,4440000,-279,-4
224,4460000,-279,-4
225,4480000,-279,-4
226,4500000,-279,-4
227,4520000,-279,-4
228,4540000,-279,-4
229,4560000,-279,-4
230,4580000,-279,-4
231,4600000,-279,-4
232,4620000,-279,-4
233,4640000,-279,-4
234,4660000,-568,-8
235,4680000,-279,-4
236,4700000,-279,-4
237,4720000,-279,-4
238,4740000,-279,-4
239,4760000,-279,-4
240,4780000,-279,-4
241,4800000,-279,-4
242,4820000,-279,-4
243,4840000,-279,-4
244,4860000,10,0
245,4880000,10,0
246,4900000,10,0
247,4920000,10,0
248,4940000,10,0
249,4960000,-279,-4
250,4980000,-279,-4
251,5000000,10,0
252,5020000,10,0
253,5040000,10,0
254,5060000,10,0
255,5080000,10,0
256,5100000,-279,-4
257,5120000,10,0
258,5140000,10,0
259,5160000,10,0
260,5180000,10,0
261,5200000,10,0
262,5220000,10,0
263,5240000,10,0
264,5260000,10,0
265,5280000,10,0
266,5300000,10,0
267,5320000,10,0
268,5340000,10,0
269,5360000,10,0
270,5380000,10,0
271,5400000,10,0
272,5420000,10,0
273,5440000,10,0
274,5460000,10,0
275,5480000,10,0
276,5500000,-279,-4
277,5520000,10,0
278,5540000,10,0
279,5560000,10,0
280,5580000,10,0
281,5600000,10,0
282,5620000,10,0
283,5640000,10,0
284,5660000,10,0
285,5680000,10,0
286,5700000,10,0
287,5720000,10,0
288,5740000,10,0
289,5760000,10,0
290,5780000,-279,-4
291,5800000,10,0
292,5820000,-279,-4
293,5840000,10,0
294,5860000,10,0
295,5880000,-279,-4
296,5900000,10,0
297,5920000,-279,-4
298,5940000,-279,-4
299,5960000,-279,-4
300,5980000,10,0
301,6000000,-279,-4
302,6020000,-279,-4
303,6040000,-279,-4
304,6060000,-279,-4
305,6080000,-279,-4
306,6100000,-279,-4
307,6120000,-279,-4
308,6140000,-279,-4
309,6160000,10,0
310,6180000,10,0
311,6200000,-279,-4
312,6220000,-279,-4
313,6240000,-279,-4
314,6260000,-279,-4
315,6280000,-279,-4
316,6300000,10,0
317,6320000,10,0
318,6340000,10,0
319,6360000,10,0
320,6380000,10,0
321,6400000,10,0
322,6420000,10,0
323,6440000,10,0
324,6460000,10,0
325,6480000,10,0
326,6500000,10,0
327,6520000,299,4
328,6540000,10,0
329,6560000,10,0
330,6580000,10,0
331,6600000,10,0
332,6620000,10,0
333,6640000,10,0
334,6660000,10,0
335,6680000,10,0
336,6700000,10,0
337,6720000,10,0
338,6740000,10,0
339,6760000,10,0
340,6780000,10,0
341,6800000,10,0
342,6820000,10,0
343,6840000,-279,-4
344,6860000,-279,-4
345,6880000,-279,-4
346,6900000,-279,-4
347,6920000,-279,-4
348,6940000,-279,-4
349,6960000,-279,-4
350,6980000,-279,-4
351,7000000,-279,-4
352,7020000,-279,-4
353,7040000,-279,-4
354,7060000,-279,-4
355,7080000,-279,-4
356,7100000,-279,-4
357,7120000,-279,-4
358,7140000,-279,-4
359,7160000,-279,-4
360,7180000,-279,-4
361,7200000,-279,-4
362,7220000,10,0
363,7240000,10,0
364,7260000,-279,-4
365,7280000,10,0
366,7300000,10,0
367,7320000,10,0
368,7340000,10,0
369,7360000,10,0
370,7380000,10,0
371,7400000,10,0
372,7420000,10,0
373,7440000,10,0
374,7460000,10,0
375,7480000,10,0
376,7500000,10,0
377,7520000,10,0
378,7540000,10,0
379,7560000,10,0
380,7580000,10,0
381,7600000,299,4
382,7620000,10,0
383,7640000,10,0
384,7660000,10,0
385,7680000,10,0
386,7700000,10,0
387,7720000,10,0
388,7740000,10,0
389,7760000,10,0
390,7780000,10,0
391,7800000,10,0
392,7820000,10,0
393,7840000,10,0
394,7860000,10,0
395,7880000,10,0
396,7900000,-279,-4
397,7920000,-279,-4
398,7940000,10,0
399,7960000,10,0
400,7980000,10,0
401,8000000,10,0
402,8020000,10,0
403,8040000,10,0
404,8060000,-279,-4
405,8080000,10,0
406,8100000,10,0
407,8120000,-279,-4
408,8140000,-279,-4
409,8160000,10,0
410,8180000,10,0
411,8200000,-279,-4
412,8220000,-279,-4
413,8240000,-279,-4
414,8260000,10,0
415,8280000,-279,-4
416,8300000,10,0
417,8320000,10,0
418,8340000,10,0
419,8360000,10,0
420,8380000,10,0
421,8400000,-279,-4
422,8420000,10,0
423,8440000,10,0
424,8460000,10,0
425,8480000,10,0
426,8500000,10,0
427,8520000,10,0
428,8540000,10,0
429,8560000,10,0
430,8580000,10,0
431,8600000,10,0
432,8620000,10,0
433,8640000,10,0
434,8660000,10,0
435,8680000,10,0
436,8700000,10,0
437,8720000,10,0
438,8740000,10,0
439,8760000,10,0
440,8780000,10,0
441,8800000,10,0
442,8820000,10,0
443,8840000,10,0
444,8860000,10,0
445,8880000,10,0
446,8900000,10,0
447,8920000,10,0
448,8940000,10,0
449,8960000,10,0
450,8980000,10,0
451,9000000,10,0
452,9020000,10,0
453,9040000,10,0
454,9060000,10,0
455,9080000,10,0
456,9100000,10,0
457,9120000,10,0
458,9140000,10,0
459,9160000,10,0
460,9180000,10,0
461,9200000,10,0
462,9220000,10,0
463,9240000,10,0
464,9260000,10,0
465,9280000,10,0
466,9300000,10,0
467,9320000,10,0
468,9340000,10,0
469,9360000,10,0
470,9380000,10,0
471,9400000,10,0
472,9420000,10,0
473,9440000,10,0
474,9460000,10,0
475,9480000,10,0
476,9500000,10,0
477,9520000,10,0
478,9540000,10,0
479,9560000,10,0
480,9580000,-279,-4
481,9600000,10,0
482,9620000,10,0
483,9640000,10,0
484,9660000,10,0
485,9680000,-279,-4
486,9700000,10,0
487,9720000,10,0
488,9740000,-279,-4
489,9760000,-279,-4
490,9780000,10,0
491,9800000,10,0
492,9820000,10,0
493,9840000,-279,-4
494,9860000,-279,-4
495,9880000,10,0
496,9900000,10,0
497,9920000,-279,-4
498,9940000,10,0
499,9960000,10,0
500,9980000,10,0
501,10000000,10,0
502,10020000,10,0
503,10040000,10,0
504,10060000,10,0
505,10080000,10,0
506,10100000,10,0
507,10120000,10,0
508,10140000,10,0
509,10160000,10,0
510,10180000,10,0
511,10200000,10,0
512,10220000,10,0
513,10240000,10,0
514,10260000,10,0
515,10280000,10,0
516,10300000,10,0
517,10320000,10,0
518,10340000,10,0
519,10360000,10,0
520,10380000,10,0
521,10400000,10,0
522,10420000,10,0
523,10440000,10,0
524,10460000,10,0
525,10480000,10,0
526,10500000,10,0
527,10520000,10,0
528,10540000,10,0
529,10560000,10,0
530,10580000,10,0
531,10600000,10,0
532,10620000,10,0
533,10640000,10,0
534,10660000,10,0
535,10680000,10,0
536,10700000,10,0
537,10720000,10,0
538,10740000,10,0
539,10760000,10,0
540,10780000,10,0
541,10800000,10,0
542,10820000,10,0
543,10840000,10,0
544,10860000,10,0
545,10880000,-279,-4
546,10900000,10,0
547,10920000,10,0
548,10940000,10,0
549,10960000,10,0
550,10980000,10,0
551,11000000,10,0
552,11020000,10,0
553,11040000,10,0
554,11060000,-279,-4
555,11080000,10,0
556,11100000,10,0
557,11120000,10,0
558,11140000,10,0
559,11160000,10,0
560,11180000,10,0
561,11200000,-279,-4
562,11220000,-279,-4
563,11240000,10,0
564,11260000,-279,-4
565,11280000,10,0
566,11300000,10,0
567,11320000,10,0
568,11340000,10,0
569,11360000,10,0
570,11380000,10,0
571,11400000,-279,-4
572,11420000,10,0
573,11440000,10,0
574,11460000,10,0
575,11480000,10,0
576,11500000,10,0
577,11520000,10,0
578,11540000,10,0
579,11560000,10,0
580,11580000,10,0
581,11600000,10,0
582,11620000,10,0
583,11640000,10,0
584,11660000,10,0
585,11680000,10,0
586,11700000,-279,-4
587,11720000,10,0
588,11740000,10,0
589,11760000,10,0
590,11780000,10,0
591,11800000,10,0
592,11820000,-279,-4
593,11840000,10,0
594,11860000,10,0
595,11880000,10,0
596,11900000,10,0
597,11920000,10,0
598,11940000,10,0
599,11960000,10,0
600,11980000,10,0
601,12000000,10,0
602,12020000,10,0
603,12040000,10,0
604,12060000,-279,-4
605,12080000,10,0
606,12100000,10,0
607,12120000,10,0
608,12140000,10,0
609,12160000,10,0
610,12180000,10,0
611,12200000,10,0
612,12220000,10,0
613,12240000,-279,-4
614,12260000,10,0
615,12280000,10,0
616,12300000,10,0
617,12320000,10,0
618,12340000,10,0
619,12360000,10,0
620,12380000,10,0
621,12400000,10,0
622,12420000,10,0
623,12440000,10,0
624,12460000,10,0
625,12480000,10,0
626,12500000,10,0
627,12520000,10,0
628,12540000,10,0
629,12560000,10,0
630,12580000,-279,-4
631,12600000,10,0
632,12620000,-279,-4
633,12640000,-279,-4
634,12660000,-279,-4
635,12680000,-279,-4
636,12700000,-279,-4
637,12720000,-279,-4
638,12740000,-279,-4
639,12760000,-279,-4
640,12780000,-279,-4
641,12800000,-279,-4
642,12820000,-279,-4
643,12840000,10,0
644,12860000,10,0
645,12880000,-279,-4
646,12900000,-279,-4
647,12920000,-279,-4
648,12940000,-279,-4
649,12960000,-279,-4
650,12980000,-279,-4
651,13000000,-279,-4
652,13020000,-279,-4
653,13040000,10,0
654,13060000,10,0
655,13080000,10,0
656,13100000,-279,-4
657,13120000,10,0
658,13140000,10,0
659,13160000,10,0
660,13180000,10,0
661,13200000,10,0
662,13220000,10,0
663,13240000,10,0
664,13260000,10,0
665,13280000,10,0
666,13300000,10,0
667,13320000,10,0
668,13340000,10,0
669,13360000,10,0
670,13380000,10,0
671,13400000,10,0
672,13420000,10,0
673,13440000,10,0
674,13460000,10,0
675,13480000,10,0
676,13500000,10,0
677,13520000,10,0
678,13540000,10,0
679,13560000,10,0
680,13580000,10,0
681,13600000,10,0
682,13620000,10,0
683,13640000,-279,-4
684,13660000,10,0
685,13680000,10,0
686,13700000,10,0
687,13720000,10,0
688,13740000,10,0
689,13760000,10,0
690,13780000,-279,-4
691,13800000,10,0
692,13820000,10,0
693,13840000,10,0
694,13860000,10,0
695,13880000,10,0
696,13900000,10,0
697,13920000,10,0
698,13940000,10,0
699,13960000,10,0
700,13980000,10,0
701,14000000,10,0
702,14020000,10,0
703,14040000,10,0
704,14060000,10,0
705,14080000,10,0
706,14100000,-279,-4
707,14120000,10,0
708,14140000,-279,-4
709,14160000,10,0
710,14180000,10,0
711,14200000,-279,-4
712,14220000,-279,-4
713,14240000,10,0
714,14260000,-279,-4
715,14280000,-279,-4
716,14300000,-279,-4
717,14320000,-279,-4
718,14340000,10,0
719,14360000,10,0
720,14380000,-279,-4
721,14400000,10,0
722,14420000,10,0
723,14440000,10,0
724,14460000,10,0
725,14480000,10,0
726,14500000,10,0
727,14520000,10,0
728,14540000,10,0
729,14560000,10,0
730,14580000,10,0
731,14600000,10,0
732,14620000,10,0
733,14640000,10,0
734,14660000,10,0
735,14680000,299,4
736,14700000,299,4
737,14720000,10,0
738,14740000,10,0
739,14760000,10,0
740,14780000,10,0
741,14800000,10,0
742,14820000,10,0
743,14840000,10,0
744,14860000,10,0
745,14880000,10,0
746,14900000,10,0
747,14920000,10,0
748,14940000,10,0
749,14960000,10,0
750,14980000,10,0
751,15000000,10,0
752,15020000,10,0
753,15040000,-279,-4
754,15060000,10,0
755,15080000,10,0
756,15100000,-279,-4
757,15120000,10,0
758,15140000,10,0
759,15160000,-279,-4
760,15180000,-279,-4
761,15200000,-279,-4
762,15220000,-279,-4
763,15240000,-279,-4
764,15260000,-279,-4
765,15280000,10,0
766,15300000,-279,-4
767,15320000,-279,-4
768,15340000,-279,-4
769,15360000,-279,-4
770,15380000,10,0
771,15400000,10,0
772,15420000,10,0
773,15440000,10,0
774,15460000,10,0
775,15480000,10,0
776,15500000,10,0
777,15520000,10,0
778,15540000,10,0
779,15560000,10,0
780,15580000,10,0
781,15600000,10,0
782,15620000,10,0
783,15640000,10,0
784,15660000,10,0
785,15680000,10,0
786,15700000,10,0
787,15720000,10,0
788,15740000,10,0
789,15760000,10,0
790,15780000,10,0
791,15800000,10,0
792,15820000,10,0
793,15840000,10,0
794,15860000,10,0
795,15880000,10,0
796,15900000,10,0
797,15920000,10,0
798,15940000,10,0
799,15960000,10,0
800,15980000,-279,-4
801,16000000,10,0
802,16020000,10,0
803,16040000,10,0
804,16060000,-279,-4
805,16080000,-279,-4
806,16100000,10,0
807,16120000,10,0
808,16140000,-279,-4
809,16160000,10,0
810,16180000,-279,-4
811,16200000,10,0
812,16220000,10,0
813,16240000,10,0
814,16260000,10,0
815,16280000,10,0
816,16300000,10,0
817,16320000,-279,-4
818,16340000,10,0
819,16360000,-279,-4
820,16380000,10,0
821,16400000,-279,-4
822,16420000,-279,-4
823,16440000,-279,-4
824,16460000,-279,-4
825,16480000,10,0
826,16500000,10,0
827,16520000,10,0
828,16540000,10,0
829,16560000,10,0
830,16580000,10,0
831,16600000,-279,-4
832,16620000,10,0
833,16640000,10,0
834,16660000,-279,-4
835,16680000,10,0
836,16700000,10,0
837,16720000,10,0
838,16740000,-279,-4
839,16760000,-279,-4
840,16780000,10,0
841,16800000,-279,-4
842,16820000,10,0
843,16840000,10,0
844,16860000,-279,-4
845,16880000,10,0
846,16900000,10,0
847,16920000,10,0
848,16940000,10,0
849,16960000,10,0
850,16980000,10,0
851,17000000,10,0
852,17020000,10,0
853,17040000,10,0
854,17060000,10,0
855,17080000,10,0
856,17100000,-279,-4
857,17120000,10,0
858,17140000,10,0
859,17160000,10,0
860,17180000,10,0
861,17200000,10,0
862,17220000,10,0
863,17240000,10,0
864,17260000,10,0
865,17280000,10,0
866,17300000,10,0
867,17320000,10,0
868,17340000,-279,-4
869,17360000,10,0
870,17380000,10,0
871,17400000,-279,-4
872,17420000,-279,-4
873,17440000,-279,-4
874,17460000,-279,-4
875,17480000,-279,-4
876,17500000,-279,-4
877,17520000,-279,-4
878,17540000,-279,-4
879,17560000,-279,-4
880,17580000,-279,-4
881,17600000,10,0
882,17620000,-279,-4
883,17640000,-279,-4
884,17660000,-279,-4
885,17680000,-279,-4
886,17700000,10,0
887,17720000,-279,-4
888,17740000,-279,-4
889,17760000,10,0
890,17780000,10,0
891,17800000,10,0
892,17820000,10,0
893,17840000,10,0
894,17860000,10,0
895,17880000,10,0
896,17900000,10,0
897,17920000,10,0
898,17940000,10,0
899,17960000,10,0
900,17980000,10,0
901,18000000,10,0
902,18020000,10,0
903,18040000,10,0
904,18060000,10,0
905,18080000,10,0
906,18100000,10,0
907,18120000,10,0
908,18140000,10,0
909,18160000,10,0
910,18180000,10,0
911,18200000,-279,-4
912,18220000,-279,-4
913,18240000,-568,-8
914,18260000,299,4
915,18280000,10,0
916,18300000,299,4
917,18320000,588,8
918,18340000,10,0
919,18360000,-279,-4
920,18380000,-279,-4
921,18400000,-568,-8
922,18420000,-568,-8
923,18440000,-279,-4
924,18460000,-279,-4
925,18480000,10,0
926,18500000,299,4
927,18520000,10,0
928,18540000,10,0
929,18560000,10,0
930,18580000,-279,-4
931,18600000,10,0
932,18620000,-279,-4
933,18640000,10,0
934,18660000,10,0
935,18680000,10,0
936,18700000,10,0
937,18720000,10,0
938,18740000,10,0
939,18760000,10,0
940,18780000,10,0
941,18800000,-279,-4
942,18820000,10,0
943,18840000,10,0
944,18860000,10,0
945,18880000,10,0
946,18900000,-279,-4
947,18920000,10,0
948,18940000,10,0
949,18960000,10,0
950,18980000,10,0
951,19000000,-279,-4
952,19020000,10,0
953,19040000,-279,-4
954,19060000,-279,-4
955,19080000,-279,-4
956,19100000,10,0
957,19120000,10,0
958,19140000,10,0
959,19160000,10,0
960,19180000,10,0
961,19200000,10,0
962,19220000,10,0
963,19240000,10,0
964,19260000,10,0
965,19280000,10,0
966,19300000,10,0
967,19320000,10,0
968,19340000,10,0
969,19360000,10,0
970,19380000,10,0
971,19400000,10,0
972,19420000,10,0
973,19440000,10,0
974,19460000,-279,-4
975,19480000,-279,-4
976,19500000,10,0
977,19520000,10,0
978,19540000,-279,-4
979,19560000,-279,-4
980,19580000,-279,-4
981,19600000,-279,-4
982,19620000,10,0
983,19640000,10,0
984,19660000,10,0
985,19680000,10,0
986,19700000,-279,-4
987,19720000,10,0
988,19740000,10,0
989,19760000,10,0
990,19780000,10,0
991,19800000,10,0
992,19820000,10,0
993,19840000,10,0
994,19860000,10,0
995,19880000,10,0
996,19900000,10,0
997,19920000,10,0
998,19940000,10,0
999,19960000,10,0
1000,19980000,10,0
1001,20000000,10,0
1002,20020000,10,0
1003,20040000,10,0
1004,20060000,10,0
1005,20080000,10,0
1006,20100000,10,0
1007,20120000,10,0
1008,20140000,10,0
1009,20160000,10,0
1010,20180000,10,0
1011,20200000,10,0
1012,20220000,10,0
1013,20240000,10,0
1014,20260000,10,0
1015,20280000,10,0
1016,20300000,10,0
1017,20320000,10,0
1018,20340000,10,0
1019,20360000,10,0
1020,20380000,10,0
1021,20400000,10,0
1022,20420000,10,0
1023,20440000,-279,-4
1024,20460000,10,0
1025,20480000,10,0
1026,20500000,10,0
1027,20520000,10,0
1028,20540000,10,0
1029,20560000,10,0
1030,20580000,10,0
1031,20600000,10,0
1032,20620000,10,0
1033,20640000,10,0
1034,20660000,10,0
1035,20680000,10,0
1036,20700000,10,0
1037,20720000,10,0
1038,20740000,10,0
1039,20760000,10,0
1040,20780000,10,0
1041,20800000,10,0
1042,20820000,10,0
1043,20840000,10,0
1044,20860000,10,0
1045,20880000,10,0
1046,20900000,10,0
1047,20920000,10,0
1048,20940000,10,0
1049,20960000,10,0
1050,20980000,10,0
1051,21000000,10,0
1052,21020000,10,0
1053,21040000,10,0
1054,21060000,10,0
1055,21080000,10,0
1056,21100000,10,0
1057,21120000,10,0
1058,21140000,10,0
1059,21160000,10,0
1060,21180000,10,0
1061,21200000,10,0
1062,21220000,10,0
1063,21240000,10,0
1064,21260000,10,0
1065,21280000,10,0
1066,21300000,10,0
1067,21320000,10,0
1068,21340000,10,0
1069,21360000,10,0
1070,21380000,10,0
1071,21400000,10,0
1072,21420000,10,0
1073,21440000,10,0
1074,21460000,10,0
1075,21480000,10,0
1076,21500000,10,0
1077,21520000,10,0
1078,21540000,10,0
1079,21560000,10,0
1080,21580000,-279,-4
1081,21600000,10,0
1082,21620000,10,0
1083,21640000,10,0
1084,21660000,10,0
1085,21680000,10,0
1086,21700000,10,0
1087,21720000,10,0
1088,21740000,10,0
1089,21760000,10,0
1090,21780000,10,0
1091,21800000,10,0
1092,21820000,10,0
1093,21840000,10,0
1094,21860000,10,0
1095,21880000,10,0
1096,21900000,10,0
1097,21920000,10,0
1098,21940000,10,0
1099,21960000,10,0
1100,21980000,10,0
1101,22000000,10,0
1102,22020000,10,0
1103,22040000,10,0
1104,22060000,10,0
1105,22080000,10,0
1106,22100000,10,0
1107,22120000,10,0
1108,22140000,10,0
1109,22160000,10,0
1110,22180000,10,0
1111,22200000,10,0
1112,22220000,10,0
1113,22240000,10,0
1114,22260000,10,0
1115,22280000,10,0
1116,22300000,10,0
1117,22320000,10,0
1118,22340000,10,0
1119,22360000,10,0
1120,22380000,10,0
1121,22400000,10,0
1122,22420000,10,0
1123,22440000,10,0
1124,22460000,-279,-4
1125,22480000,-279,-4
1126,22500000,10,0
1127,22520000,10,0
1128,22540000,10,0
1129,22560000,10,0
1130,22580000,10,0
1131,22600000,10,0
1132,22620000,10,0
1133,22640000,10,0
1134,22660000,10,0
1135,22680000,10,0
1136,22700000,10,0
1137,22720000,10,0
1138,22740000,10,0
1139,22760000,10,0
1140,22780000,10,0
1141,22800000,10,0
1142,22820000,10,0
1143,22840000,10,0
1144,22860000,10,0
1145,22880000,10,0
1146,22900000,10,0
1147,22920000,10,0
1148,22940000,10,0
1149,22960000,10,0
1150,22980000,10,0
1151,23000000,10,0
1152,23020000,10,0
1153,23040000,10,0
1154,23060000,10,0
1155,23080000,10,0
1156,23100000,10,0
1157,23120000,10,0
1158,23140000,10,0
1159,23160000,10,0
1160,23180000,10,0
1161,23200000,10,0
1162,23220000,10,0
1163,23240000,-279,-4
1164,23260000,10,0
1165,23280000,10,0
1166,23300000,10,0
1167,23320000,-279,-4
1168,23340000,10,0
1169,23360000,10,0
1170,23380000,10,0
1171,23400000,10,0
1172,23420000,10,0
1173,23440000,10,0
1174,23460000,10,0
1175,23480000,10,0
1176,23500000,10,0
1177,23520000,10,0
1178,23540000,10,0
1179,23560000,10,0
1180,23580000,-279,-4
1181,23600000,10,0
1182,23620000,10,0
1183,23640000,10,0
1184,23660000,10,0
1185,23680000,10,0
1186,23700000,10,0
1187,23720000,10,0
1188,23740000,10,0
1189,23760000,10,0
1190,23780000,10,0
1191,23800000,10,0
1192,23820000,10,0
1193,23840000,-279,-4
1194,23860000,10,0
1195,23880000,10,0
1196,23900000,10,0
1197,23920000,10,0
1198,23940000,10,0
1199,23960000,10,0
1200,23980000,10,0
1201,24000000,10,0
1202,24020000,10,0
1203,24040000,10,0
1204,24060000,-279,-4
1205,24080000,10,0
1206,24100000,10,0
1207,24120000,10,0
1208,24140000,10,0
1209,24160000,10,0
1210,24180000,-279,-4
1211,24200000,10,0
1212,24220000,10,0
1213,24240000,10,0
1214,24260000,10,0
1215,24280000,-279,-4
1216,24300000,10,0
1217,24320000,-279,-4
1218,24340000,10,0
1219,24360000,10,0
1220,24380000,-279,-4
1221,24400000,10,0
1222,24420000,10,0
1223,24440000,-279,-4
1224,24460000,10,0
1225,24480000,10,0
1226,24500000,10,0
1227,24520000,10,0
1228,24540000,-279,-4
1229,24560000,-279,-4
1230,24580000,10,0
1231,24600000,10,0
1232,24620000,10,0
1233,24640000,10,0
1234,24660000,-279,-4
1235,24680000,10,0
1236,24700000,10,0
1237,24720000,-279,-4
1238,24740000,-279,-4
1239,24760000,10,0
1240,24780000,10,0
1241,24800000,10,0
1242,24820000,10,0
1243,24840000,10,0
1244,24860000,10,0
1245,24880000,10,0
1246,24900000,10,0
1247,24920000,10,0
1248,24940000,10,0
1249,24960000,10,0
1250,24980000,10,0
1251,25000000,10,0
1252,25020000,10,0
1253,25040000,10,0
1254,25060000,10,0
1255,25080000,10,0
1256,25100000,10,0
1257,25120000,10,0
1258,25140000,10,0
1259,25160000,10,0
1260,25180000,10,0
1261,25200000,-279,-4
1262,25220000,10,0
1263,25240000,-279,-4
1264,25260000,10,0
1265,25280000,10,0
1266,25300000,-279,-4
1267,25320000,-279,-4
1268,25340000,-279,-4
1269,25360000,10,0
1270,25380000,10,0
1271,25400000,10,0
1272,25420000,10,0
1273,25440000,10,0
1274,25460000,10,0
1275,25480000,-279,-4
1276,25500000,-279,-4
1277,25520000,-279,-4
1278,25540000,10,0
1279,25560000,10,0
1280,25580000,-279,-4
1281,25600000,10,0
1282,25620000,10,0
1283,25640000,10,0
1284,25660000,10,0
1285,25680000,10,0
1286,25700000,10,0
1287,25720000,10,0
1288,25740000,-279,-4
1289,25760000,10,0
1290,25780000,10,0
1291,25800000,10,0
1292,25820000,10,0
1293,25840000,-279,-4
1294,25860000,10,0
1295,25880000,10,0
1296,25900000,-279,-4
1297,25920000,-279,-4
1298,25940000,-279,-4
1299,25960000,-279,-4
1300,25980000,10,0
1301,26000000,10,0
1302,26020000,-279,-4
1303,26040000,-279,-4
1304,26060000,-279,-4
1305,26080000,-279,-4
1306,26100000,-279,-4
1307,26120000,-279,-4
1308,26140000,-279,-4
1309,26160000,10,0
1310,26180000,-279,-4
1311,26200000,-279,-4
1312,26220000,-279,-4
1313,26240000,10,0
1314,26260000,10,0
1315,26280000,-279,-4
1316,26300000,10,0
1317,26320000,-279,-4
1318,26340000,-279,-4
1319,26360000,10,0
1320,26380000,10,0
1321,26400000,-279,-4
1322,26420000,10,0
1323,26440000,-279,-4
1324,26460000,10,0
1325,26480000,10,0
1326,26500000,10,0
1327,26520000,10,0
1328,26540000,10,0
1329,26560000,10,0
1330,26580000,10,0
1331,26600000,10,0
1332,26620000,10,0
1333,26640000,10,0
1334,26660000,10,0
1335,26680000,10,0
1336,26700000,10,0
1337,26720000,10,0
1338,26740000,10,0
1339,26760000,10,0
1340,26780000,10,0
1341,26800000,10,0
1342,26820000,10,0
1343,26840000,10,0
1344,26860000,10,0
1345,26880000,10,0
1346,26900000,10,0
1347,26920000,10,0
1348,26940000,10,0
1349,26960000,10,0
1350,26980000,10,0
1351,27000000,10,0
1352,27020000,10,0
1353,27040000,-279,-4
1354,27060000,10,0
1355,27080000,10,0
1356,27100000,-279,-4
1357,27120000,10,0
1358,27140000,-279,-4
1359,27160000,10,0
1360,27180000,10,0
1361,27200000,-279,-4
1362,27220000,10,0
1363,27240000,10,0
1364,27260000,10,0
1365,27280000,10,0
1366,27300000,10,0
1367,27320000,10,0
1368,27340000,10,0
1369,27360000,10,0
1370,27380000,10,0
1371,27400000,10,0
1372,27420000,10,0
1373,27440000,10,0
1374,27460000,10,0
1375,27480000,10,0
1376,27500000,10,0
1377,27520000,10,0
1378,27540000,10,0
1379,27560000,10,0
1380,27580000,-279,-4
1381,27600000,10,0
1382,27620000,10,0
1383,27640000,10,0
1384,27660000,10,0
1385,27680000,10,0
1386,27700000,10,0
1387,27720000,10,0
1388,27740000,10,0
1389,27760000,10,0
1390,27780000,10,0
1391,27800000,10,0
1392,27820000,10,0
1393,27840000,10,0
1394,27860000,10,0
1395,27880000,10,0
1396,27900000,10,0
1397,27920000,10,0
1398,27940000,10,0
1399,27960000,10,0
1400,27980000,10,0
1401,28000000,10,0
1402,28020000,10,0
1403,28040000,10,0
1404,28060000,10,0
1405,28080000,10,0
1406,28100000,10,0
1407,28120000,10,0
1408,28140000,10,0
1409,28160000,10,0
1410,28180000,10,0
1411,28200000,10,0
1412,28220000,10,0
1413,28240000,10,0
1414,28260000,-279,-4
1415,28280000,10,0
1416,28300000,10,0
1417,28320000,10,0
1418,28340000,10,0
1419,28360000,10,0
1420,28380000,10,0
1421,28400000,-279,-4
1422,28420000,10,0
1423,28440000,-279,-4
1424,28460000,10,0
1425,28480000,-279,-4
1426,28500000,10,0
1427,28520000,10,0
1428,28540000,-279,-4
1429,28560000,-279,-4
1430,28580000,10,0
1431,28600000,10,0
1432,28620000,10,0
1433,28640000,10,0
1434,28660000,10,0
1435,28680000,10,0
1436,28700000,10,0
1437,28720000,10,0
1438,28740000,-279,-4
1439,28760000,10,0
1440,28780000,10,0
1441,28800000,10,0
1442,28820000,10,0
1443,28840000,10,0
1444,28860000,10,0
1445,28880000,10,0
1446,28900000,10,0
1447,28920000,10,0
1448,28940000,10,0
1449,28960000,-279,-4
1450,28980000,10,0
1451,29000000,10,0
1452,29020000,10,0
1453,29040000,10,0
1454,29060000,10,0
1455,29080000,10,0
1456,29100000,10,0
1457,29120000,10,0
1458,29140000,10,0
1459,29160000,10,0
1460,29180000,10,0
1461,29200000,10,0
1462,29220000,10,0
1463,29240000,-279,-4
1464,29260000,10,0
1465,29280000,10,0
1466,29300000,10,0
1467,29320000,-279,-4
1468,29340000,10,0
1469,29360000,10,0
1470,29380000,10,0
1471,29400000,10,0
1472,29420000,-279,-4
1473,29440000,10,0
1474,29460000,10,0
1475,29480000,10,0
1476,29500000,10,0
1477,29520000,10,0
1478,29540000,10,0
1479,29560000,10,0
1480,29580000,10,0
1481,29600000,10,0
1482,29620000,10,0
1483,29640000,10,0
1484,29660000,10,0
1485,29680000,10,0
1486,29700000,10,0
1487,29720000,10,0
1488,29740000,10,0
1489,29760000,10,0
1490,29780000,10,0
1491,29800000,10,0
1492,29820000,10,0
1493,29840000,10,0
1494,29860000,10,0
1495,29880000,10,0
1496,29900000,10,0
1497,29920000,10,0
1498,29940000,10,0
1499,29960000,10,0
1500,29980000,10,0
1501,30000000,10,0
1502,30020000,10,0
1503,30040000,10,0
1504,30060000,10,0
1505,30080000,10,0
1506,30100000,10,0
1507,30120000,10,0
1508,30140000,10,0
1509,30160000,10,0
1510,30180000,10,0
1511,30200000,10,0
1512,30220000,10,0
1513,30240000,10,0
1514,30260000,10,0
1515,30280000,10,0
1516,30300000,10,0
1517,30320000,10,0
1518,30340000,10,0
1519,30360000,10,0
1520,30380000,10,0
1521,30400000,10,0
1522,30420000,-279,-4
1523,30440000,10,0
1524,30460000,10,0
1525,30480000,10,0
1526,30500000,10,0
1527,30520000,-279,-4
1528,30540000,10,0
1529,30560000,10,0
1530,30580000,10,0
1531,30600000,10,0
1532,30620000,10,0
1533,30640000,10,0
1534,30660000,-279,-4
1535,30680000,10,0
1536,30700000,10,0
1537,30720000,10,0
1538,30740000,10,0
1539,30760000,-279,-4
1540,30780000,-279,-4
1541,30800000,10,0
1542,30820000,10,0
1543,30840000,10,0
1544,30860000,10,0
1545,30880000,10,0
1546,30900000,10,0
1547,30920000,-279,-4
1548,30940000,10,0
1549,30960000,10,0
1550,30980000,-279,-4
1551,31000000,10,0
1552,31020000,-279,-4
1553,31040000,10,0
1554,31060000,10,0
1555,31080000,-279,-4
1556,31100000,10,0
1557,31120000,10,0
1558,31140000,-279,-4
1559,31160000,10,0
1560,31180000,10,0
1561,31200000,10,0
1562,31220000,10,0
1563,31240000,10,0
1564,31260000,10,0
1565,31280000,10,0
1566,31300000,10,0
1567,31320000,-279,-4
1568,31340000,10,0
1569,31360000,-279,-4
1570,31380000,10,0
1571,31400000,10,0
1572,31420000,10,0
1573,31440000,10,0
1574,31460000,-279,-4
1575,31480000,10,0
1576,31500000,-279,-4
1577,31520000,10,0
1578,31540000,-279,-4
1579,31560000,10,0
1580,31580000,10,0
1581,31600000,10,0
1582,31620000,10,0
1583,31640000,10,0
1584,31660000,-279,-4
1585,31680000,-279,-4
1586,31700000,10,0
1587,31720000,10,0
1588,31740000,10,0
1589,31760000,10,0
1590,31780000,-279,-4
1591,31800000,10,0
1592,31820000,10,0
1593,31840000,-279,-4
1594,31860000,10,0
1595,31880000,10,0
1596,31900000,10,0
1597,31920000,10,0
1598,31940000,-279,-4
1599,31960000,10,0
1600,31980000,10,0
1601,32000000,10,0
1602,32020000,10,0
1603,32040000,10,0
1604,32060000,10,0
1605,32080000,-279,-4
1606,32100000,10,0
1607,32120000,10,0
1608,32140000,10,0
1609,32160000,-279,-4
1610,32180000,10,0
1611,32200000,-279,-4
1612,32220000,10,0
1613,32240000,10,0
1614,32260000,10,0
1615,32280000,10,0
1616,32300000,10,0
1617,32320000,10,0
1618,32340000,10,0
1619,32360000,10,0
1620,32380000,10,0
1621,32400000,10,0
1622,32420000,-279,-4
1623,32440000,10,0
1624,32460000,10,0
1625,32480000,-279,-4
1626,32500000,-279,-4
1627,32520000,-279,-4
1628,32540000,10,0
1629,32560000,10,0
1630,32580000,-279,-4
1631,32600000,10,0
1632,32620000,10,0
1633,32640000,10,0
1634,32660000,10,0
1635,32680000,10,0
1636,32700000,10,0
1637,32720000,10,0
1638,32740000,10,0
1639,32760000,10,0
1640,32780000,10,0
1641,32800000,10,0
1642,32820000,10,0
1643,32840000,10,0
1644,32860000,10,0
1645,32880000,10,0
1646,32900000,10,0
1647,32920000,10,0
1648,32940000,10,0
1649,32960000,10,0
1650,32980000,10,0
1651,33000000,10,0
1652,33020000,10,0
1653,33040000,-279,-4
1654,33060000,10,0
1655,33080000,10,0
1656,33100000,11572,176
1657,33120000,32767,500
1658,33140000,32767,500
1659,33160000,32767,500
1660,33180000,32767,500
1661,33200000,32767,500
1662,33220000,32767,500
1663,33240000,32767,500
1664,33260000,32767,500
1665,33280000,32767,500
1666,33300000,32767,500
1667,33320000,32767,500
1668,33340000,32767,500
1669,33360000,32767,500
1670,33380000,32767,500
1671,33400000,32767,500
1672,33420000,32767,500
1673,33440000,32767,500
1674,33460000,32767,500
1675,33480000,32767,500
1676,33500000,28048,427
1677,33520000,22267,339
1678,33540000,17642,269
1679,33560000,14462,220
1680,33580000,13017,198
1681,33600000,11572,176
1682,33620000,10993,167
1683,33640000,10704,163
1684,33660000,10126,154
1685,33680000,8681,132
1686,33700000,7236,110
1687,33720000,6368,97
1688,33740000,4923,75
1689,33760000,3478,53
1690,33780000,1744,26
1691,33800000,588,8
1692,33820000,-279,-4
1693,33840000,-1146,-17
1694,33860000,-2013,-30
1695,33880000,-2592,-39
1696,33900000,-3170,-48
1697,33920000,-3459,-52
1698,33940000,-3748,-57
1699,33960000,-4037,-61
1700,33980000,-4326,-66
1701,34000000,-5482,-83
1702,34020000,-7217,-110
1703,34040000,-8662,-132
1704,34060000,-9818,-149
1705,34080000,-10974,-167
1706,34100000,-11553,-176
1707,34120000,-12131,-185
1708,34140000,-12420,-189
1709,34160000,-12709,-193
1710,34180000,-12998,-198
1711,34200000,-12998,-198
1712,34220000,-13287,-202
1713,34240000,-13287,-202
1714,34260000,-13576,-207
1715,34280000,-13576,-207
1716,34300000,-13865,-211
1717,34320000,-13865,-211
1718,34340000,-13865,-211
1719,34360000,-14154,-215
1720,34380000,-14154,-215
1721,34400000,-14154,-215
1722,34420000,-14154,-215
1723,34440000,-13287,-202
1724,34460000,-12420,-189
1725,34480000,-12131,-185
1726,34500000,-11553,-176
1727,34520000,-11553,-176
1728,34540000,-11263,-171
1729,34560000,-11263,-171
1730,34580000,-11263,-171
1731,34600000,-11263,-171
1732,34620000,-11263,-171
1733,34640000,-10974,-167
1734,34660000,-10974,-167
1735,34680000,-10974,-167
1736,34700000,-10974,-167
1737,34720000,-10685,-163
1738,34740000,-10396,-158
1739,34760000,-10396,-158
1740,34780000,-10396,-158
1741,34800000,-10107,-154
1742,34820000,-9818,-149
1743,34840000,-9818,-149
1744,34860000,-10107,-154
1745,34880000,-10396,-158
1746,34900000,-10685,-163
1747,34920000,-10685,-163
1748,34940000,-10396,-158
1749,34960000,-10107,-154
1750,34980000,-10107,-154
1751,35000000,-9818,-149
1752,35020000,-9818,-149
1753,35040000,-9818,-149
1754,35060000,-9529,-145
1755,35080000,-9529,-145
1756,35100000,-9529,-145
1757,35120000,-9529,-145
1758,35140000,-9529,-145
1759,35160000,-9529,-145
1760,35180000,-9529,-145
1761,35200000,-9529,-145
1762,35220000,-9529,-145
1763,35240000,-9529,-145
1764,35260000,-9529,-145
1765,35280000,-9529,-145
1766,35300000,-9240,-140
1767,35320000,-8951,-136
1768,35340000,-8951,-136
1769,35360000,-8951,-136
1770,35380000,-8951,-136
1771,35400000,-8951,-136
1772,35420000,-8951,-136
1773,35440000,-8951,-136
1774,35460000,-8951,-136
1775,35480000,-8662,-132
1776,35500000,-8373,-127
1777,35520000,-8373,-127
1778,35540000,-8373,-127
1779,35560000,-8084,-123
1780,35580000,-8084,-123
1781,35600000,-8084,-123
1782,35620000,-7795,-118
1783,35640000,-7795,-118
1784,35660000,-7795,-118
1785,35680000,-7795,-118
1786,35700000,-7506,-114
1787,35720000,-7506,-114
1788,35740000,-7795,-118
1789,35760000,-7795,-118
1790,35780000,-7795,-118
1791,35800000,-7506,-114
1792,35820000,-7506,-114
1793,35840000,-7506,-114
1794,35860000,-7217,-110
1795,35880000,-7506,-114
1796,35900000,-7506,-114
1797,35920000,-7506,-114
1798,35940000,-7795,-118
1799,35960000,-7795,-118
1800,35980000,-8084,-123
1801,36000000,-8084,-123
1802,36020000,-8084,-123
1803,36040000,-7795,-118
1804,36060000,-8084,-123
1805,36080000,-8084,-123
1806,36100000,-8084,-123
1807,36120000,-8084,-123
1808,36140000,-8084,-123
1809,36160000,-8084,-123
1810,36180000,-8084,-123
1811,36200000,-8084,-123
1812,36220000,-8084,-123
1813,36240000,-8084,-123
1814,36260000,-8084,-123
1815,36280000,-8084,-123
1816,36300000,-7795,-118
1817,36320000,-7795,-118
1818,36340000,-7506,-114
1819,36360000,-7506,-114
1820,36380000,-7217,-110
1821,36400000,-6928,-105
1822,36420000,-6928,-105
1823,36440000,-6928,-105
1824,36460000,-6638,-101
1825,36480000,-6638,-101
1826,36500000,-6349,-96
1827,36520000,-6349,-96
1828,36540000,-6349,-96
1829,36560000,-6349,-96
1830,36580000,-6349,-96
1831,36600000,-6060,-92
1832,36620000,-6349,-96
1833,36640000,-6060,-92
1834,36660000,-5771,-88
1835,36680000,-5771,-88
1836,36700000,-5771,-88
1837,36720000,-5771,-88
1838,36740000,-5771,-88
1839,36760000,-5771,-88
1840,36780000,-5482,-83
1841,36800000,-5771,-88
1842,36820000,-5771,-88
1843,36840000,-5771,-88
1844,36860000,-5482,-83
1845,36880000,-5482,-83
1846,36900000,-5482,-83
1847,36920000,-5482,-83
1848,36940000,-5482,-83
1849,36960000,-5482,-83
1850,36980000,-5482,-83
1851,37000000,-5482,-83
1852,37020000,-5482,-83
1853,37040000,-5482,-83
1854,37060000,-5482,-83
1855,37080000,-5482,-83
1856,37100000,-5482,-83
1857,37120000,-5482,-83
1858,37140000,-5193,-79
1859,37160000,-5482,-83
1860,37180000,-5482,-83
1861,37200000,-5193,-79
1862,37220000,-5193,-79
1863,37240000,-5482,-83
1864,37260000,-5193,-79
1865,37280000,-5193,-79
1866,37300000,-5193,-79
1867,37320000,-5193,-79
1868,37340000,-5193,-79
1869,37360000,-4904,-74
1870,37380000,-4904,-74
1871,37400000,-4904,-74
1872,37420000,-4904,-74
1873,37440000,-4904,-74
1874,37460000,-4615,-70
1875,37480000,-4615,-70
1876,37500000,-4904,-74
1877,37520000,-4326,-66
1878,37540000,-4615,-70
1879,37560000,-4326,-66
1880,37580000,-4615,-70
1881,37600000,-4326,-66
1882,37620000,-4326,-66
1883,37640000,-4326,-66
1884,37660000,-4326,-66
1885,37680000,-4326,-66
1886,37700000,-4326,-66
1887,37720000,-4326,-66
1888,37740000,-4037,-61
1889,37760000,-4326,-66
1890,37780000,-4326,-66
1891,37800000,-4037,-61
1892,37820000,-4037,-61
1893,37840000,-4037,-61
1894,37860000,-4037,-61
1895,37880000,-4037,-61
1896,37900000,-4037,-61
1897,37920000,-4037,-61
1898,37940000,-4037,-61
1899,37960000,-4037,-61
1900,37980000,-4037,-61
1901,38000000,-3748,-57
1902,38020000,-4037,-61
1903,38040000,-4037,-61
1904,38060000,-3748,-57
1905,38080000,-4037,-61
1906,38100000,-3748,-57
1907,38120000,-3748,-57
1908,38140000,-3748,-57
1909,38160000,-3748,-57
1910,38180000,-3748,-57
1911,38200000,-3459,-52
1912,38220000,-3748,-57
1913,38240000,-3170,-48
1914,38260000,-3748,-57
1915,38280000,-3459,-52
1916,38300000,-3459,-52
1917,38320000,-3459,-52
1918,38340000,-3748,-57
1919,38360000,-3748,-57
1920,38380000,-3459,-52
1921,38400000,-3459,-52
1922,38420000,-3459,-52
1923,38440000,-3459,-52
1924,38460000,-3459,-52
1925,38480000,-3459,-52
1926,38500000,-3459,-52
1927,38520000,-3459,-52
1928,38540000,-3459,-52
1929,38560000,-3459,-52
1930,38580000,-3459,-52
1931,38600000,-3459,-52
1932,38620000,-3459,-52
1933,38640000,-3459,-52
1934,38660000,-3459,-52
1935,38680000,-3459,-52
1936,38700000,-3459,-52
1937,38720000,-3459,-52
1938,38740000,-3459,-52
1939,38760000,-3748,-57
1940,38780000,-3748,-57
1941,38800000,-3748,-57
1942,38820000,-3748,-57
1943,38840000,-3748,-57
1944,38860000,-3748,-57
1945,38880000,-3748,-57
1946,38900000,-3748,-57
1947,38920000,-3748,-57
1948,38940000,-4037,-61
1949,38960000,-4037,-61
1950,38980000,-3748,-57
1951,39000000,-3748,-57
1952,39020000,-4037,-61
1953,39040000,-4037,-61
1954,39060000,-3748,-57
1955,39080000,-4037,-61
1956,39100000,-3748,-57
1957,39120000,-4037,-61
1958,39140000,-4037,-61
1959,39160000,-3748,-57
1960,39180000,-3748,-57
1961,39200000,-3170,-48
1962,39220000,-4037,-61
1963,39240000,-2881,-43
1964,39260000,-3748,-57
1965,39280000,-3748,-57
1966,39300000,-3748,-57
1967,39320000,-4037,-61
1968,39340000,-4037,-61
1969,39360000,-4037,-61
1970,39380000,-4037,-61
1971,39400000,-4037,-61
1972,39420000,-4037,-61
1973,39440000,-4037,-61
1974,39460000,-4037,-61
1975,39480000,-3748,-57
1976,39500000,-4037,-61
1977,39520000,-4037,-61
1978,39540000,-4037,-61
1979,39560000,-4037,-61
1980,39580000,-3748,-57
1981,39600000,-4037,-61
1982,39620000,-4037,-61
1983,39640000,-4037,-61
1984,39660000,-4037,-61
1985,39680000,-3748,-57
1986,39700000,-3748,-57
1987,39720000,-3748,-57
1988,39740000,-3748,-57
1989,39760000,-4037,-61
1990,39780000,-3748,-57
1991,39800000,-4037,-61
1992,39820000,-3748,-57
1993,39840000,-3748,-57
1994,39860000,-3748,-57
1995,39880000,-3748,-57
1996,39900000,-3748,-57
1997,39920000,-3748,-57
1998,39940000,-3748,-57
1999,39960000,-3748,-57
2000,39980000,-3748,-57
2001,40000000,-3748,-57
2002,40020000,-3748,-57
2003,40040000,-3748,-57
2004,40060000,-3748,-57
2005,40080000,-3748,-57
2006,40100000,-3748,-57
2007,40120000,-3459,-52
2008,40140000,-3459,-52
2009,40160000,-3459,-52
2010,40180000,-3459,-52
2011,40200000,-3459,-52
2012,40220000,-3459,-52
2013,40240000,-3459,-52
2014,40260000,-3459,-52
2015,40280000,-3170,-48
2016,40300000,-3459,-52
2017,40320000,-3459,-52
2018,40340000,-3170,-48
2019,40360000,-3459,-52
2020,40380000,-3170,-48
2021,40400000,-3170,-48
2022,40420000,-3459,-52
2023,40440000,-3170,-48
2024,40460000,-3170,-48
2025,40480000,-3170,-48
2026,40500000,-3170,-48
2027,40520000,-2881,-43
2028,40540000,-2881,-43
2029,40560000,-2881,-43
2030,40580000,-2881,-43
2031,40600000,-2881,-43
2032,40620000,-2881,-43
2033,40640000,-2881,-43
2034,40660000,-2881,-43
2035,40680000,-2881,-43
2036,40700000,-2881,-43
2037,40720000,-2881,-43
2038,40740000,-2881,-43
2039,40760000,-2881,-43
2040,40780000,-2881,-43
2041,40800000,-2592,-39
2042,40820000,-2881,-43
2043,40840000,-2592,-39
2044,40860000,-2881,-43
2045,40880000,-2881,-43
2046,40900000,-2592,-39
2047,40920000,-2881,-43
2048,40940000,-2592,-39
2049,40960000,-2592,-39
2050,40980000,-2592,-39
2051,41000000,-2013,-30
2052,41020000,-2881,-43
2053,41040000,-2013,-30
2054,41060000,-2881,-43
2055,41080000,-2592,-39
2056,41100000,-2881,-43
2057,41120000,-2592,-39
2058,41140000,-2592,-39
2059,41160000,-2881,-43
2060,41180000,-2592,-39
2061,41200000,-2592,-39
2062,41220000,-2592,-39
2063,41240000,-2592,-39
2064,41260000,-2592,-39
2065,41280000,-2592,-39
2066,41300000,-2592,-39
2067,41320000,-2592,-39
2068,41340000,-2592,-39
2069,41360000,-2592,-39
2070,41380000,-2592,-39
2071,41400000,-2592,-39
2072,41420000,-2592,-39
2073,41440000,-2592,-39
2074,41460000,-2592,-39
2075,41480000,-2592,-39
2076,41500000,-2303,-35
2077,41520000,-2592,-39
2078,41540000,-2592,-39
2079,41560000,-2303,-35
2080,41580000,-2592,-39
2081,41600000,-2592,-39
2082,41620000,-2592,-39
2083,41640000,-2592,-39
2084,41660000,-2303,-35
2085,41680000,-2303,-35
2086,41700000,-2303,-35
2087,41720000,-2592,-39
2088,41740000,-2303,-35
2089,41760000,-2303,-35
2090,41780000,-2592,-39
2091,41800000,-2303,-35
2092,41820000,-2592,-39
2093,41840000,-2303,-35
2094,41860000,-2592,-39
2095,41880000,-2592,-39
2096,41900000,-2303,-35
2097,41920000,-2303,-35
2098,41940000,-2592,-39
2099,41960000,-2592,-39
2100,41980000,-2592,-39
2101,42000000,-2303,-35
2102,42020000,-2303,-35
2103,42040000,-2592,-39
2104,42060000,-2592,-39
2105,42080000,-2303,-35
2106,42100000,-2592,-39
2107,42120000,-2303,-35
2108,42140000,-2303,-35
2109,42160000,-2303,-35
2110,42180000,-2303,-35
2111,42200000,-2303,-35
2112,42220000,-2303,-35
2113,42240000,-2303,-35
2114,42260000,-2303,-35
2115,42280000,-2303,-35
2116,42300000,-2303,-35
2117,42320000,-2303,-35
2118,42340000,-2303,-35
2119,42360000,-2303,-35
2120,42380000,-2303,-35
2121,42400000,-2013,-30
2122,42420000,-2303,-35
2123,42440000,-2013,-30
2124,42460000,-2013,-30
2125,42480000,-2303,-35
2126,42500000,-2303,-35
2127,42520000,-2013,-30
2128,42540000,-2303,-35
2129,42560000,-2303,-35
2130,42580000,-2303,-35
2131,42600000,-2013,-30
2132,42620000,-2303,-35
2133,42640000,-2013,-30
2134,42660000,-2303,-35
2135,42680000,-2013,-30
2136,42700000,-2013,-30
2137,42720000,-2013,-30
2138,42740000,-2013,-30
2139,42760000,-2303,-35
2140,42780000,-2013,-30
2141,42800000,-2013,-30
2142,42820000,-2013,-30
2143,42840000,-2013,-30
2144,42860000,-2303,-35
2145,42880000,-2013,-30
2146,42900000,-2013,-30
2147,42920000,-2013,-30
2148,42940000,-2013,-30
2149,42960000,-2013,-30
2150,42980000,-2013,-30
2151,43000000,-2013,-30
2152,43020000,-2013,-30
2153,43040000,-2013,-30
2154,43060000,-2013,-30
2155,43080000,-1724,-26
2156,43100000,-1724,-26
2157,43120000,-1724,-26
2158,43140000,-1724,-26
2159,43160000,-1724,-26
2160,43180000,-1724,-26
2161,43200000,-1724,-26
2162,43220000,-1724,-26
2163,43240000,-1724,-26
2164,43260000,-1724,-26
2165,43280000,-1435,-21
2166,43300000,-1724,-26
2167,43320000,-1724,-26
2168,43340000,-1435,-21
2169,43360000,-1435,-21
2170,43380000,-1724,-26
2171,43400000,-1435,-21
2172,43420000,-1724,-26
2173,43440000,-1724,-26
2174,43460000,-1435,-21
2175,43480000,-1724,-26
2176,43500000,-1724,-26
2177,43520000,-1435,-21
2178,43540000,-1435,-21
2179,43560000,-1435,-21
2180,43580000,-1435,-21
2181,43600000,-1435,-21
2182,43620000,-1435,-21
2183,43640000,-1435,-21
2184,43660000,-1435,-21
2185,43680000,-1435,-21
2186,43700000,-1435,-21
2187,43720000,-1435,-21
2188,43740000,-1146,-17
2189,43760000,-1146,-17
2190,43780000,-1435,-21
2191,43800000,-1146,-17
2192,43820000,-1435,-21
2193,43840000,-1146,-17
2194,43860000,-1146,-17
2195,43880000,-1146,-17
2196,43900000,-1146,-17
2197,43920000,-1146,-17
2198,43940000,-1146,-17
2199,43960000,-1146,-17
2200,43980000,-1146,-17
2201,44000000,-1146,-17
2202,44020000,-1146,-17
2203,44040000,-857,-13
2204,44060000,-1146,-17
2205,44080000,-1146,-17
2206,44100000,-857,-13
2207,44120000,-857,-13
2208,44140000,-857,-13
2209,44160000,-857,-13
2210,44180000,-857,-13
2211,44200000,-857,-13
2212,44220000,-857,-13
2213,44240000,-857,-13
2214,44260000,-857,-13
2215,44280000,-857,-13
2216,44300000,-1146,-17
2217,44320000,-857,-13
2218,44340000,-857,-13
2219,44360000,-857,-13
2220,44380000,-857,-13
2221,44400000,-857,-13
2222,44420000,-857,-13
2223,44440000,-857,-13
2224,44460000,-857,-13
2225,44480000,-857,-13
2226,44500000,-568,-8
2227,44520000,-857,-13
2228,44540000,-857,-13
2229,44560000,-857,-13
2230,44580000,-857,-13
2231,44600000,-857,-13
2232,44620000,-857,-13
2233,44640000,-857,-13
2234,44660000,-857,-13
2235,44680000,-857,-13
2236,44700000,-857,-13
2237,44720000,-857,-13
2238,44740000,-857,-13
2239,44760000,-857,-13
2240,44780000,-857,-13
2241,44800000,-857,-13
2242,44820000,-857,-13
2243,44840000,-857,-13
2244,44860000,-857,-13
2245,44880000,-857,-13
2246,44900000,-857,-13
2247,44920000,-568,-8
2248,44940000,-857,-13
2249,44960000,-857,-13
2250,44980000,-857,-13
2251,45000000,-857,-13
2252,45020000,-568,-8
2253,45040000,10,0
2254,45060000,-1146,-17
2255,45080000,299,4
2256,45100000,-857,-13
2257,45120000,-568,-8
2258,45140000,-857,-13
2259,45160000,-568,-8
2260,45180000,-857,-13
2261,45200000,-857,-13
2262,45220000,-857,-13
2263,45240000,-568,-8
2264,45260000,-857,-13
2265,45280000,-857,-13
2266,45300000,-857,-13
2267,45320000,-857,-13
2268,45340000,-857,-13
2269,45360000,-857,-13
2270,45380000,-568,-8
2271,45400000,-857,-13
2272,45420000,-857,-13
2273,45440000,-568,-8
2274,45460000,-857,-13
2275,45480000,-857,-13
2276,45500000,-857,-13
2277,45520000,-568,-8
2278,45540000,-568,-8
2279,45560000,-857,-13
2280,45580000,-568,-8
2281,45600000,-568,-8
2282,45620000,-568,-8
2283,45640000,-279,-4
2284,45660000,-857,-13
2285,45680000,-568,-8
2286,45700000,-568,-8
2287,45720000,-568,-8
2288,45740000,-568,-8
2289,45760000,-857,-13
2290,45780000,-568,-8
2291,45800000,-857,-13
2292,45820000,-568,-8
2293,45840000,-568,-8
2294,45860000,-568,-8
2295,45880000,-568,-8
2296,45900000,-568,-8
2297,45920000,-568,-8
2298,45940000,-568,-8
2299,45960000,-568,-8
2300,45980000,-568,-8
2301,46000000,-568,-8
2302,46020000,-568,-8
2303,46040000,-568,-8
2304,46060000,-568,-8
2305,46080000,-568,-8
2306,46100000,-568,-8
2307,46120000,-279,-4
2308,46140000,-568,-8
2309,46160000,-568,-8
2310,46180000,-568,-8
2311,46200000,-279,-4
2312,46220000,-568,-8
2313,46240000,-568,-8
2314,46260000,-568,-8
2315,46280000,-568,-8
2316,46300000,-568,-8
2317,46320000,-568,-8
2318,46340000,-568,-8
2319,46360000,-279,-4
2320,46380000,-568,-8
2321,46400000,-279,-4
2322,46420000,-279,-4
2323,46440000,-279,-4
2324,46460000,-279,-4
2325,46480000,-568,-8
2326,46500000,-279,-4
2327,46520000,-568,-8
2328,46540000,-568,-8
2329,46560000,-279,-4
2330,46580000,-279,-4
2331,46600000,-279,-4
2332,46620000,-279,-4
2333,46640000,-279,-4
2334,46660000,-279,-4
2335,46680000,-279,-4
2336,46700000,-279,-4
2337,46720000,-279,-4
2338,46740000,-568,-8
2339,46760000,-279,-4
2340,46780000,-279,-4
2341,46800000,-279,-4
2342,46820000,-279,-4
2343,46840000,-279,-4
2344,46860000,-568,-8
2345,46880000,-568,-8
2346,46900000,-279,-4
2347,46920000,-279,-4
2348,46940000,-568,-8
2349,46960000,-568,-8
2350,46980000,-279,-4
2351,47000000,-279,-4
2352,47020000,-279,-4
2353,47040000,-279,-4
2354,47060000,-568,-8
2355,47080000,-279,-4
2356,47100000,-568,-8
2357,47120000,-279,-4
2358,47140000,-568,-8
2359,47160000,-279,-4
2360,47180000,-279,-4
2361,47200000,-279,-4
2362,47220000,-279,-4
2363,47240000,-568,-8
2364,47260000,-568,-8
2365,47280000,-568,-8
2366,47300000,-279,-4
2367,47320000,-279,-4
2368,47340000,-279,-4
2369,47360000,-279,-4
2370,47380000,-279,-4
2371,47400000,-279,-4
2372,47420000,-568,-8
2373,47440000,-279,-4
2374,47460000,-568,-8
2375,47480000,-279,-4
2376,47500000,-279,-4
2377,47520000,-279,-4
2378,47540000,-279,-4
2379,47560000,-279,-4
2380,47580000,-279,-4
2381,47600000,-568,-8
2382,47620000,-279,-4
2383,47640000,-279,-4
2384,47660000,-279,-4
2385,47680000,-279,-4
2386,47700000,-279,-4
2387,47720000,-279,-4
2388,47740000,-279,-4
2389,47760000,-279,-4
2390,47780000,-279,-4
2391,47800000,-568,-8
2392,47820000,-568,-8
2393,47840000,-279,-4
2394,47860000,-279,-4
2395,47880000,-279,-4
2396,47900000,-279,-4
2397,47920000,-279,-4
2398,47940000,-568,-8
2399,47960000,-279,-4
2400,47980000,-568,-8
2401,48000000,-279,-4
2402,48020000,-568,-8
2403,48040000,-279,-4
2404,48060000,-568,-8
2405,48080000,-568,-8
2406,48100000,-568,-8
2407,48120000,-568,-8
2408,48140000,-568,-8
2409,48160000,-568,-8
2410,48180000,-568,-8
2411,48200000,-279,-4
2412,48220000,-568,-8
2413,48240000,-568,-8
2414,48260000,-279,-4
2415,48280000,-279,-4
2416,48300000,-279,-4
2417,48320000,-568,-8
2418,48340000,-568,-8
2419,48360000,-279,-4
2420,48380000,-568,-8
2421,48400000,-568,-8
2422,48420000,-279,-4
2423,48440000,-568,-8
2424,48460000,-568,-8
2425,48480000,-568,-8
2426,48500000,-279,-4
2427,48520000,-568,-8
2428,48540000,-279,-4
2429,48560000,-568,-8
2430,48580000,-568,-8
2431,48600000,-568,-8
2432,48620000,-568,-8
2433,48640000,-568,-8
2434,48660000,-568,-8
2435,48680000,-279,-4
2436,48700000,-279,-4
2437,48720000,-279,-4
2438,48740000,-279,-4
2439,48760000,-568,-8
2440,48780000,-279,-4
2441,48800000,-568,-8
2442,48820000,-568,-8
2443,48840000,-568,-8
2444,48860000,-568,-8
2445,48880000,-568,-8
2446,48900000,-568,-8
2447,48920000,-568,-8
2448,48940000,-279,-4
2449,48960000,-568,-8
2450,48980000,-568,-8
2451,49000000,-568,-8
2452,49020000,-568,-8
2453,49040000,-568,-8
2454,49060000,-568,-8
2455,49080000,-568,-8
2456,49100000,-568,-8
2457,49120000,-568,-8
2458,49140000,-568,-8
2459,49160000,-568,-8
2460,49180000,-568,-8
2461,49200000,-568,-8
2462,49220000,-568,-8
2463,49240000,-568,-8
2464,49260000,-568,-8
2465,49280000,-279,-4
2466,49300000,-568,-8
2467,49320000,-568,-8
2468,49340000,10,0
2469,49360000,-279,-4
2470,49380000,299,4
2471,49400000,299,4
2472,49420000,299,4
2473,49440000,299,4
2474,49460000,299,4
2475,49480000,-279,-4
2476,49500000,10,0
2477,49520000,-568,-8
2478,49540000,-568,-8
2479,49560000,-857,-13
2480,49580000,-857,-13
2481,49600000,-1146,-17
2482,49620000,-857,-13
2483,49640000,-857,-13
2484,49660000,-857,-13
2485,49680000,-857,-13
2486,49700000,-857,-13
2487,49720000,-857,-13
2488,49740000,-857,-13
2489,49760000,-857,-13
2490,49780000,-857,-13
2491,49800000,-568,-8
2492,49820000,-568,-8
2493,49840000,-568,-8
2494,49860000,-568,-8
2495,49880000,-568,-8
2496,49900000,-279,-4
2497,49920000,-568,-8
2498,49940000,-279,-4
2499,49960000,-279,-4
2500,49980000,-568,-8
2501,50000000,-279,-4
2502,50020000,-279,-4
2503,50040000,-568,-8
2504,50060000,-279,-4
2505,50080000,-279,-4
2506,50100000,-279,-4
2507,50120000,-279,-4
2508,50140000,-279,-4
2509,50160000,-279,-4
2510,50180000,-279,-4
2511,50200000,-279,-4
2512,50220000,-279,-4
2513,50240000,-279,-4
2514,50260000,-568,-8
2515,50280000,-279,-4
2516,50300000,-279,-4
2517,50320000,-279,-4
2518,50340000,-279,-4
2519,50360000,-279,-4
2520,50380000,-279,-4
2521,50400000,-279,-4
2522,50420000,-279,-4
2523,50440000,-279,-4
2524,50460000,-279,-4
2525,50480000,-279,-4
2526,50500000,-279,-4
2527,50520000,-279,-4
2528,50540000,-279,-4
2529,50560000,-279,-4
2530,50580000,-279,-4
2531,50600000,-279,-4
2532,50620000,-279,-4
2533,50640000,-279,-4
2534,50660000,-279,-4
2535,50680000,-279,-4
2536,50700000,-279,-4
2537,50720000,-279,-4
2538,50740000,-279,-4
2539,50760000,-279,-4
2540,50780000,-279,-4
2541,50800000,-279,-4
2542,50820000,-279,-4
2543,50840000,10,0
2544,50860000,10,0
2545,50880000,-279,-4
2546,50900000,-279,-4
2547,50920000,10,0
2548,50940000,10,0
2549,50960000,10,0
2550,50980000,-279,-4
2551,51000000,10,0
2552,51020000,-279,-4
2553,51040000,-279,-4
2554,51060000,-279,-4
2555,51080000,10,0
2556,51100000,-279,-4
2557,51120000,-279,-4
2558,51140000,-279,-4
2559,51160000,-279,-4
2560,51180000,10,0
2561,51200000,10,0
2562,51220000,-279,-4
2563,51240000,10,0
2564,51260000,10,0
2565,51280000,-279,-4
2566,51300000,-279,-4
2567,51320000,-279,-4
2568,51340000,-279,-4
2569,51360000,-279,-4
2570,51380000,-279,-4
2571,51400000,-279,-4
2572,51420000,-279,-4
2573,51440000,-279,-4
2574,51460000,10,0
2575,51480000,-279,-4
2576,51500000,-279,-4
2577,51520000,10,0
2578,51540000,10,0
2579,51560000,10,0
2580,51580000,-279,-4
2581,51600000,10,0
2582,51620000,10,0
2583,51640000,10,0
2584,51660000,10,0
2585,51680000,-279,-4
2586,51700000,-279,-4
2587,51720000,10,0
2588,51740000,10,0
2589,51760000,-279,-4
2590,51780000,-279,-4
2591,51800000,10,0
2592,51820000,-279,-4
2593,51840000,10,0
2594,51860000,10,0
2595,51880000,10,0
2596,51900000,10,0
2597,51920000,-279,-4
2598,51940000,10,0
2599,51960000,10,0
2600,51980000,10,0
2601,52000000,10,0
2602,52020000,10,0
2603,52040000,10,0
2604,52060000,10,0
2605,52080000,10,0
2606,52100000,10,0
2607,52120000,10,0
2608,52140000,10,0
2609,52160000,10,0
2610,52180000,-279,-4
2611,52200000,10,0
2612,52220000,10,0
2613,52240000,-279,-4
2614,52260000,10,0
2615,52280000,-279,-4
2616,52300000,10,0
2617,52320000,10,0
2618,52340000,10,0
2619,52360000,10,0
2620,52380000,10,0
2621,52400000,10,0
2622,52420000,10,0
2623,52440000,10,0
2624,52460000,10,0
2625,52480000,10,0
2626,52500000,10,0
2627,52520000,10,0
2628,52540000,10,0
2629,52560000,10,0
2630,52580000,10,0
2631,52600000,10,0
2632,52620000,10,0
2633,52640000,10,0
2634,52660000,10,0
2635,52680000,10,0
2636,52700000,10,0
2637,52720000,10,0
2638,52740000,10,0
2639,52760000,10,0
2640,52780000,10,0
2641,52800000,10,0
2642,52820000,10,0
2643,52840000,10,0
2644,52860000,10,0
2645,52880000,10,0
2646,52900000,10,0
2647,52920000,10,0
2648,52940000,10,0
2649,52960000,10,0
2650,52980000,10,0
2651,53000000,10,0
2652,53020000,10,0
2653,53040000,10,0
2654,53060000,10,0
2655,53080000,10,0
2656,53100000,10,0
2657,53120000,10,0
2658,53140000,10,0
2659,53160000,10,0
2660,53180000,10,0
2661,53200000,10,0
2662,53220000,10,0
2663,53240000,10,0
2664,53260000,10,0
2665,53280000,10,0
2666,53300000,10,0
2667,53320000,10,0
2668,53340000,10,0
2669,53360000,10,0
2670,53380000,10,0
2671,53400000,10,0
2672,53420000,10,0
2673,53440000,10,0
2674,53460000,10,0
2675,53480000,10,0
2676,53500000,10,0
2677,53520000,10,0
2678,53540000,10,0
2679,53560000,10,0
2680,53580000,10,0
2681,53600000,10,0
2682,53620000,299,4
2683,53640000,10,0
2684,53660000,10,0
2685,53680000,10,0
2686,53700000,10,0
2687,53720000,10,0
2688,53740000,10,0
2689,53760000,10,0
2690,53780000,10,0
2691,53800000,299,4
2692,53820000,10,0
2693,53840000,10,0
2694,53860000,10,0
2695,53880000,299,4
2696,53900000,299,4
2697,53920000,10,0
2698,53940000,10,0
2699,53960000,10,0
2700,53980000,10,0
2701,54000000,10,0
2702,54020000,10,0
2703,54040000,10,0
2704,54060000,10,0
2705,54080000,10,0
2706,54100000,10,0
2707,54120000,10,0
2708,54140000,299,4
2709,54160000,299,4
2710,54180000,10,0
2711,54200000,299,4
2712,54220000,10,0
2713,54240000,299,4
2714,54260000,10,0
2715,54280000,299,4
2716,54300000,10,0
2717,54320000,10,0
2718,54340000,10,0
2719,54360000,10,0
2720,54380000,10,0
2721,54400000,10,0
2722,54420000,10,0
2723,54440000,10,0
2724,54460000,10,0
2725,54480000,10,0
2726,54500000,10,0
2727,54520000,10,0
2728,54540000,10,0
2729,54560000,10,0
2730,54580000,10,0
2731,54600000,10,0
2732,54620000,10,0
2733,54640000,299,4
2734,54660000,299,4
2735,54680000,10,0
2736,54700000,10,0
2737,54720000,10,0
2738,54740000,10,0
2739,54760000,10,0
2740,54780000,10,0
2741,54800000,299,4
2742,54820000,10,0
2743,54840000,10,0
2744,54860000,10,0
2745,54880000,10,0
2746,54900000,299,4
2747,54920000,10,0
2748,54940000,299,4
2749,54960000,10,0
2750,54980000,10,0
2751,55000000,10,0
2752,55020000,10,0
2753,55040000,10,0
2754,55060000,10,0
2755,55080000,10,0
2756,55100000,10,0
2757,55120000,10,0
2758,55140000,10,0
2759,55160000,10,0
2760,55180000,10,0
2761,55200000,10,0
2762,55220000,10,0
2763,55240000,10,0
2764,55260000,10,0
2765,55280000,10,0
2766,55300000,299,4
2767,55320000,10,0
2768,55340000,10,0
2769,55360000,10,0
2770,55380000,10,0
2771,55400000,299,4
2772,55420000,10,0
2773,55440000,299,4
2774,55460000,10,0
2775,55480000,299,4
2776,55500000,10,0
2777,55520000,10,0
2778,55540000,299,4
2779,55560000,10,0
2780,55580000,10,0
2781,55600000,10,0
2782,55620000,299,4
2783,55640000,10,0
2784,55660000,10,0
2785,55680000,10,0
2786,55700000,10,0
2787,55720000,299,4
2788,55740000,10,0
2789,55760000,10,0
2790,55780000,10,0
2791,55800000,299,4
2792,55820000,10,0
2793,55840000,10,0
2794,55860000,10,0
2795,55880000,299,4
2796,55900000,299,4
2797,55920000,299,4
2798,55940000,10,0
2799,55960000,10,0
2800,55980000,10,0
2801,56000000,10,0
2802,56020000,10,0
2803,56040000,10,0
2804,56060000,10,0
2805,56080000,10,0
2806,56100000,10,0
2807,56120000,10,0
2808,56140000,10,0
2809,56160000,10,0
2810,56180000,10,0
2811,56200000,10,0
2812,56220000,10,0
2813,56240000,10,0
2814,56260000,10,0
2815,56280000,10,0
2816,56300000,10,0
2817,56320000,10,0
2818,56340000,10,0
2819,56360000,10,0
2820,56380000,10,0
2821,56400000,10,0
2822,56420000,10,0
2823,56440000,10,0
2824,56460000,10,0
2825,56480000,10,0
2826,56500000,10,0
2827,56520000,10,0
2828,56540000,10,0
2829,56560000,10,0
2830,56580000,10,0
2831,56600000,10,0
2832,56620000,10,0
2833,56640000,10,0
2834,56660000,10,0
2835,56680000,10,0
2836,56700000,10,0
2837,56720000,10,0
2838,56740000,10,0
2839,56760000,10,0
2840,56780000,10,0
2841,56800000,10,0
2842,56820000,299,4
2843,56840000,10,0
2844,56860000,10,0
2845,56880000,10,0
2846,56900000,10,0
2847,56920000,10,0
2848,56940000,10,0
2849,56960000,10,0
2850,56980000,10,0
2851,57000000,10,0
2852,57020000,299,4
2853,57040000,10,0
2854,57060000,10,0
2855,57080000,10,0
2856,57100000,10,0
2857,57120000,10,0
2858,57140000,10,0
2859,57160000,10,0
2860,57180000,299,4
2861,57200000,10,0
2862,57220000,10,0
2863,57240000,10,0
2864,57260000,10,0
2865,57280000,10,0
2866,57300000,10,0
2867,57320000,10,0
2868,57340000,10,0
2869,57360000,10,0
2870,57380000,10,0
2871,57400000,10,0
2872,57420000,10,0
2873,57440000,10,0
2874,57460000,10,0
2875,57480000,10,0
2876,57500000,10,0
2877,57520000,10,0
2878,57540000,10,0
2879,57560000,10,0
2880,57580000,10,0
2881,57600000,10,0
2882,57620000,10,0
2883,57640000,10,0
2884,57660000,10,0
2885,57680000,10,0
2886,57700000,10,0
2887,57720000,10,0
2888,57740000,10,0
2889,57760000,10,0
2890,57780000,10,0
2891,57800000,10,0
2892,57820000,10,0
2893,57840000,10,0
2894,57860000,10,0
2895,57880000,10,0
2896,57900000,10,0
2897,57920000,10,0
2898,57940000,10,0
2899,57960000,10,0
2900,57980000,10,0
2901,58000000,10,0
2902,58020000,10,0
2903,58040000,10,0
2904,58060000,10,0
2905,58080000,10,0
2906,58100000,10,0
2907,58120000,10,0
2908,58140000,10,0
2909,58160000,10,0
2910,58180000,10,0
2911,58200000,10,0
2912,58220000,10,0
2913,58240000,10,0
2914,58260000,10,0
2915,58280000,10,0
2916,58300000,10,0
2917,58320000,10,0
2918,58340000,10,0
2919,58360000,299,4
2920,58380000,10,0
2921,58400000,10,0
2922,58420000,10,0
2923,58440000,10,0
2924,58460000,10,0
2925,58480000,10,0
2926,58500000,10,0
2927,58520000,10,0
2928,58540000,-279,-4
2929,58560000,10,0
2930,58580000,10,0
2931,58600000,10,0
2932,58620000,10,0
2933,58640000,10,0
2934,58660000,10,0
2935,58680000,10,0
2936,58700000,10,0
2937,58720000,10,0
2938,58740000,10,0
2939,58760000,10,0
2940,58780000,10,0
2941,58800000,10,0
2942,58820000,10,0
2943,58840000,10,0
2944,58860000,10,0
2945,58880000,10,0
2946,58900000,10,0
2947,58920000,10,0
2948,58940000,10,0
2949,58960000,10,0
2950,58980000,10,0
2951,59000000,10,0
2952,59020000,10,0
2953,59040000,10,0
2954,59060000,10,0
2955,59080000,10,0
2956,59100000,10,0
2957,59120000,10,0
2958,59140000,10,0
2959,59160000,10,0
2960,59180000,10,0
2961,59200000,10,0
2962,59220000,10,0
2963,59240000,10,0
2964,59260000,10,0
2965,59280000,10,0
2966,59300000,10,0
2967,59320000,10,0
2968,59340000,10,0
2969,59360000,10,0
2970,59380000,10,0
2971,59400000,299,4
2972,59420000,10,0
2973,59440000,10,0
2974,59460000,10,0
2975,59480000,10,0
2976,59500000,10,0
2977,59520000,10,0
2978,59540000,299,4
2979,59560000,10,0
2980,59580000,299,4
2981,59600000,10,0
2982,59620000,10,0
2983,59640000,299,4
2984,59660000,10,0
2985,59680000,10,0
2986,59700000,10,0
2987,59720000,10,0
2988,59740000,10,0
2989,59760000,10,0
2990,59780000,10,0
2991,59800000,10,0
2992,59820000,10,0
2993,59840000,10,0
2994,59860000,10,0
2995,59880000,299,4
2996,59900000,10,0
2997,59920000,10,0
2998,59940000,10,0
2999,59960000,10,0
3000,59980000,10,0
3001,60000000,10,0
3002,60020000,10,0
3003,60040000,10,0
3004,60060000,10,0
3005,60080000,10,0
3006,60100000,10,0
3007,60120000,10,0
3008,60140000,10,0
3009,60160000,299,4
3010,60180000,10,0
3011,60200000,299,4
3012,60220000,299,4
3013,60240000,299,4
3014,60260000,10,0
3015,60280000,10,0
3016,60300000,10,0
3017,60320000,10,0
3018,60340000,10,0
3019,60360000,10,0
3020,60380000,10,0
3021,60400000,299,4
3022,60420000,299,4
3023,60440000,299,4
3024,60460000,10,0
3025,60480000,10,0
3026,60500000,10,0
3027,60520000,299,4
3028,60540000,10,0
3029,60560000,299,4
3030,60580000,10,0
3031,60600000,10,0
3032,60620000,299,4
3033,60640000,10,0
3034,60660000,10,0
3035,60680000,10,0
3036,60700000,299,4
3037,60720000,10,0
3038,60740000,299,4
3039,60760000,10,0
3040,60780000,10,0
3041,60800000,10,0
3042,60820000,10,0
3043,60840000,10,0
3044,60860000,10,0
3045,60880000,299,4
3046,60900000,10,0
3047,60920000,299,4
3048,60940000,10,0
3049,60960000,10,0
3050,60980000,10,0
3051,61000000,299,4
3052,61020000,10,0
3053,61040000,10,0
3054,61060000,10,0
3055,61080000,10,0
3056,61100000,299,4
3057,61120000,10,0
3058,61140000,10,0
3059,61160000,10,0
3060,61180000,10,0
3061,61200000,10,0
3062,61220000,10,0
3063,61240000,10,0
3064,61260000,10,0
3065,61280000,10,0
3066,61300000,10,0
3067,61320000,10,0
3068,61340000,10,0
3069,61360000,299,4
3070,61380000,10,0
3071,61400000,299,4
3072,61420000,10,0
3073,61440000,10,0
3074,61460000,299,4
3075,61480000,10,0
3076,61500000,10,0
3077,61520000,10,0
3078,61540000,10,0
3079,61560000,10,0
3080,61580000,10,0
3081,61600000,10,0
3082,61620000,10,0
3083,61640000,10,0
3084,61660000,10,0
3085,61680000,10,0
3086,61700000,299,4
3087,61720000,10,0
3088,61740000,10,0
3089,61760000,10,0
3090,61780000,10,0
3091,61800000,10,0
3092,61820000,10,0
3093,61840000,10,0
3094,61860000,299,4
3095,61880000,299,4
3096,61900000,10,0
3097,61920000,10,0
3098,61940000,10,0
3099,61960000,10,0
3100,61980000,299,4
3101,62000000,10,0
3102,62020000,10,0
3103,62040000,10,0
3104,62060000,10,0
3105,62080000,10,0
3106,62100000,299,4
3107,62120000,299,4
3108,62140000,10,0
3109,62160000,299,4
3110,62180000,10,0
3111,62200000,10,0
3112,62220000,10,0
3113,62240000,10,0
3114,62260000,10,0
3115,62280000,10,0
3116,62300000,10,0
3117,62320000,10,0
3118,62340000,299,4
3119,62360000,10,0
3120,62380000,10,0
3121,62400000,10,0
3122,62420000,10,0
3123,62440000,10,0
3124,62460000,10,0
3125,62480000,10,0
3126,62500000,10,0
3127,62520000,299,4
3128,62540000,10,0
3129,62560000,10,0
3130,62580000,10,0
3131,62600000,299,4
3132,62620000,299,4
3133,62640000,299,4
3134,62660000,299,4
3135,62680000,299,4
3136,62700000,10,0
3137,62720000,10,0
3138,62740000,10,0
3139,62760000,10,0
3140,62780000,10,0
3141,62800000,299,4
3142,62820000,10,0
3143,62840000,10,0
3144,62860000,10,0
3145,62880000,299,4
3146,62900000,299,4
3147,62920000,10,0
3148,62940000,299,4
3149,62960000,299,4
3150,62980000,299,4
3151,63000000,10,0
3152,63020000,10,0
3153,63040000,10,0
3154,63060000,10,0
3155,63080000,299,4
3156,63100000,299,4
3157,63120000,299,4
3158,63140000,10,0
3159,63160000,299,4
3160,63180000,10,0
3161,63200000,10,0
3162,63220000,10,0
3163,63240000,10,0
3164,63260000,299,4
3165,63280000,10,0
3166,63300000,299,4
3167,63320000,10,0
3168,63340000,10,0
3169,63360000,10,0
3170,63380000,299,4
3171,63400000,10,0
3172,63420000,10,0
3173,63440000,10,0
3174,63460000,10,0
3175,63480000,-279,-4
3176,63500000,10,0
3177,63520000,588,8
3178,63540000,299,4
3179,63560000,588,8
3180,63580000,588,8
3181,63600000,299,4
3182,63620000,10,0
3183,63640000,10,0
3184,63660000,-279,-4
3185,63680000,-279,-4
3186,63700000,10,0
3187,63720000,299,4
3188,63740000,299,4
3189,63760000,588,8
3190,63780000,299,4
3191,63800000,588,8
3192,63820000,299,4
3193,63840000,299,4
3194,63860000,299,4
3195,63880000,299,4
3196,63900000,299,4
3197,63920000,588,8
3198,63940000,299,4
3199,63960000,588,8
3200,63980000,588,8
3201,64000000,299,4
3202,64020000,299,4
3203,64040000,299,4
3204,64060000,299,4
3205,64080000,299,4
3206,64100000,299,4
3207,64120000,299,4
3208,64140000,10,0
3209,64160000,10,0
3210,64180000,-279,-4
3211,64200000,-568,-8
3212,64220000,-568,-8
3213,64240000,-568,-8
3214,64260000,-857,-13
3215,64280000,-568,-8
3216,64300000,-568,-8
3217,64320000,-857,-13
3218,64340000,-568,-8
3219,64360000,-568,-8
3220,64380000,-857,-13
3221,64400000,-857,-13
3222,64420000,-857,-13
3223,64440000,-1146,-17
3224,64460000,-1146,-17
3225,64480000,-1146,-17
3226,64500000,-1146,-17
3227,64520000,-1146,-17
3228,64540000,-857,-13
3229,64560000,-568,-8
3230,64580000,-279,-4
3231,64600000,10,0
3232,64620000,299,4
3233,64640000,588,8
3234,64660000,588,8
3235,64680000,877,13
3236,64700000,877,13
3237,64720000,877,13
3238,64740000,877,13
3239,64760000,1166,17
3240,64780000,1166,17
3241,64800000,1166,17
3242,64820000,1455,22
3243,64840000,1455,22
3244,64860000,1744,26
3245,64880000,1744,26
3246,64900000,2033,31
3247,64920000,2033,31
3248,64940000,2033,31
3249,64960000,2033,31
3250,64980000,1744,26
3251,65000000,1455,22
3252,65020000,1166,17
3253,65040000,1166,17
3254,65060000,588,8
3255,65080000,299,4
3256,65100000,299,4
3257,65120000,10,0
3258,65140000,10,0
3259,65160000,-279,-4
3260,65180000,-279,-4
3261,65200000,-568,-8
3262,65220000,-568,-8
3263,65240000,-857,-13
3264,65260000,-857,-13
3265,65280000,-1146,-17
3266,65300000,-1435,-21
3267,65320000,-1435,-21
3268,65340000,-1724,-26
3269,65360000,-1724,-26
3270,65380000,-2013,-30
3271,65400000,-1724,-26
3272,65420000,-1724,-26
3273,65440000,-1724,-26
3274,65460000,-1435,-21
3275,65480000,-1146,-17
3276,65500000,-857,-13
3277,65520000,-857,-13
3278,65540000,-857,-13
3279,65560000,-568,-8
3280,65580000,-279,-4
3281,65600000,-279,-4
3282,65620000,-279,-4
3283,65640000,10,0
3284,65660000,10,0
3285,65680000,299,4
3286,65700000,299,4
3287,65720000,588,8
3288,65740000,588,8
3289,65760000,877,13
3290,65780000,1166,17
3291,65800000,1166,17
3292,65820000,1166,17
3293,65840000,1166,17
3294,65860000,1166,17
3295,65880000,1166,17
3296,65900000,1166,17
3297,65920000,1166,17
3298,65940000,877,13
3299,65960000,877,13
3300,65980000,877,13
3301,66000000,877,13
3302,66020000,877,13
3303,66040000,877,13
3304,66060000,877,13
3305,66080000,588,8
3306,66100000,588,8
3307,66120000,588,8
3308,66140000,588,8
3309,66160000,299,4
3310,66180000,299,4
3311,66200000,10,0
3312,66220000,10,0
3313,66240000,10,0
3314,66260000,10,0
3315,66280000,10,0
3316,66300000,10,0
3317,66320000,10,0
3318,66340000,-279,-4
3319,66360000,10,0
3320,66380000,-279,-4
3321,66400000,10,0
3322,66420000,-279,-4
3323,66440000,-279,-4
3324,66460000,-279,-4
3325,66480000,-279,-4
3326,66500000,-279,-4
3327,66520000,-279,-4
3328,66540000,-279,-4
3329,66560000,-279,-4
3330,66580000,10,0
3331,66600000,-279,-4
3332,66620000,10,0
3333,66640000,10,0
3334,66660000,10,0
3335,66680000,10,0
3336,66700000,10,0
3337,66720000,10,0
3338,66740000,10,0
3339,66760000,10,0
3340,66780000,10,0
3341,66800000,10,0
3342,66820000,10,0
3343,66840000,10,0
3344,66860000,299,4
3345,66880000,10,0
3346,66900000,10,0
3347,66920000,10,0
3348,66940000,10,0
3349,66960000,10,0
3350,66980000,299,4
3351,67000000,299,4
3352,67020000,299,4
3353,67040000,10,0
3354,67060000,10,0
3355,67080000,10,0
3356,67100000,10,0
3357,67120000,10,0
3358,67140000,10,0
3359,67160000,299,4
3360,67180000,10,0
3361,67200000,10,0
3362,67220000,299,4
3363,67240000,10,0
3364,67260000,10,0
3365,67280000,10,0
3366,67300000,10,0
3367,67320000,10,0
3368,67340000,10,0
3369,67360000,10,0
3370,67380000,10,0
3371,67400000,299,4
3372,67420000,299,4
3373,67440000,299,4
3374,67460000,299,4
3375,67480000,299,4
3376,67500000,299,4
3377,67520000,299,4
3378,67540000,299,4
3379,67560000,299,4
3380,67580000,299,4
3381,67600000,299,4
3382,67620000,299,4
3383,67640000,299,4
3384,67660000,299,4
3385,67680000,299,4
3386,67700000,299,4
3387,67720000,299,4
3388,67740000,299,4
3389,67760000,299,4
3390,67780000,299,4
3391,67800000,299,4
3392,67820000,299,4
3393,67840000,10,0
3394,67860000,299,4
3395,67880000,10,0
3396,67900000,10,0
3397,67920000,299,4
3398,67940000,10,0
3399,67960000,10,0
3400,67980000,10,0
3401,68000000,10,0
3402,68020000,10,0
3403,68040000,10,0
3404,68060000,10,0
3405,68080000,10,0
3406,68100000,10,0
3407,68120000,10,0
3408,68140000,10,0
3409,68160000,10,0
3410,68180000,10,0
3411,68200000,10,0
3412,68220000,10,0
3413,68240000,10,0
3414,68260000,-279,-4
3415,68280000,10,0
3416,68300000,10,0
3417,68320000,10,0
3418,68340000,10,0
3419,68360000,10,0
3420,68380000,10,0
3421,68400000,10,0
3422,68420000,10,0
3423,68440000,10,0
3424,68460000,10,0
3425,68480000,10,0
3426,68500000,10,0
3427,68520000,10,0
3428,68540000,10,0
3429,68560000,10,0
3430,68580000,299,4
3431,68600000,10,0
3432,68620000,299,4
3433,68640000,299,4
3434,68660000,10,0
3435,68680000,299,4
3436,68700000,10,0
3437,68720000,10,0
3438,68740000,299,4
3439,68760000,299,4
3440,68780000,299,4
3441,68800000,299,4
3442,68820000,299,4
3443,68840000,299,4
3444,68860000,299,4
3445,68880000,299,4
3446,68900000,299,4
3447,68920000,10,0
3448,68940000,299,4
3449,68960000,10,0
3450,68980000,10,0
3451,69000000,10,0
3452,69020000,10,0
3453,69040000,10,0
3454,69060000,10,0
3455,69080000,299,4
3456,69100000,10,0
3457,69120000,299,4
3458,69140000,10,0
3459,69160000,10,0
3460,69180000,10,0
3461,69200000,10,0
3462,69220000,10,0
3463,69240000,10,0
3464,69260000,10,0
3465,69280000,10,0
3466,69300000,10,0
3467,69320000,10,0
3468,69340000,10,0
3469,69360000,10,0
3470,69380000,10,0
3471,69400000,10,0
3472,69420000,10,0
3473,69440000,10,0
3474,69460000,10,0
3475,69480000,10,0
3476,69500000,10,0
3477,69520000,10,0
3478,69540000,10,0
3479,69560000,10,0
3480,69580000,10,0
3481,69600000,10,0
3482,69620000,10,0
3483,69640000,10,0
3484,69660000,10,0
3485,69680000,10,0
3486,69700000,10,0
3487,69720000,10,0
3488,69740000,10,0
3489,69760000,10,0
3490,69780000,299,4
3491,69800000,10,0
3492,69820000,10,0
3493,69840000,10,0
3494,69860000,10,0
3495,69880000,10,0
3496,69900000,10,0
3497,69920000,299,4
3498,69940000,10,0
3499,69960000,10,0
3500,69980000,10,0
3501,70000000,10,0
3502,70020000,10,0
3503,70040000,10,0
3504,70060000,10,0
3505,70080000,10,0
3506,70100000,10,0
3507,70120000,10,0
3508,70140000,10,0
3509,70160000,10,0
3510,70180000,10,0
3511,70200000,10,0
3512,70220000,10,0
3513,70240000,10,0
3514,70260000,299,4
3515,70280000,10,0
3516,70300000,10,0
3517,70320000,10,0
3518,70340000,10,0
3519,70360000,10,0
3520,70380000,10,0
3521,70400000,10,0
3522,70420000,10,0
3523,70440000,10,0
3524,70460000,10,0
3525,70480000,10,0
3526,70500000,10,0
3527,70520000,10,0
3528,70540000,10,0
3529,70560000,10,0
3530,70580000,10,0
3531,70600000,10,0
3532,70620000,10,0
3533,70640000,10,0
3534,70660000,10,0
3535,70680000,299,4
3536,70700000,10,0
3537,70720000,10,0
3538,70740000,10,0
3539,70760000,10,0
3540,70780000,10,0
3541,70800000,10,0
3542,70820000,10,0
3543,70840000,10,0
3544,70860000,10,0
3545,70880000,10,0
3546,70900000,10,0
3547,70920000,10,0
3548,70940000,10,0
3549,70960000,10,0
3550,70980000,10,0
3551,71000000,10,0
3552,71020000,10,0
3553,71040000,10,0
3554,71060000,10,0
3555,71080000,10,0
3556,71100000,10,0
3557,71120000,10,0
3558,71140000,10,0
3559,71160000,10,0
3560,71180000,10,0
3561,71200000,299,4
3562,71220000,299,4
3563,71240000,10,0
3564,71260000,10,0
3565,71280000,10,0
3566,71300000,10,0
3567,71320000,10,0
3568,71340000,10,0
3569,71360000,10,0
3570,71380000,10,0
3571,71400000,10,0
3572,71420000,10,0
3573,71440000,10,0
3574,71460000,10,0
3575,71480000,10,0
3576,71500000,10,0
3577,71520000,10,0
3578,71540000,10,0
3579,71560000,299,4
3580,71580000,10,0
3581,71600000,10,0
3582,71620000,10,0
3583,71640000,10,0
3584,71660000,10,0
3585,71680000,10,0
3586,71700000,10,0
3587,71720000,10,0
3588,71740000,10,0
3589,71760000,10,0
3590,71780000,10,0
3591,71800000,10,0
3592,71820000,10,0
3593,71840000,10,0
3594,71860000,299,4
3595,71880000,10,0
3596,71900000,10,0
3597,71920000,10,0
3598,71940000,299,4
3599,71960000,10,0
3600,71980000,10,0
3601,72000000,10,0
3602,72020000,10,0
3603,72040000,10,0
3604,72060000,10,0
3605,72080000,10,0
3606,72100000,10,0
3607,72120000,10,0
3608,72140000,10,0
3609,72160000,10,0
3610,72180000,10,0
3611,72200000,10,0
3612,72220000,10,0
3613,72240000,299,4
3614,72260000,299,4
3615,72280000,299,4
3616,72300000,299,4
3617,72320000,10,0
3618,72340000,10,0
3619,72360000,10,0
3620,72380000,10,0
3621,72400000,10,0
3622,72420000,10,0
3623,72440000,10,0
3624,72460000,10,0
3625,72480000,10,0
3626,72500000,10,0
3627,72520000,10,0
3628,72540000,10,0
3629,72560000,10,0
3630,72580000,10,0
3631,72600000,10,0
3632,72620000,10,0
3633,72640000,10,0
3634,72660000,10,0
3635,72680000,10,0
3636,72700000,-279,-4
3637,72720000,10,0
3638,72740000,10,0
3639,72760000,10,0
3640,72780000,10,0
3641,72800000,10,0
3642,72820000,10,0
3643,72840000,299,4
3644,72860000,299,4
3645,72880000,299,4
3646,72900000,299,4
3647,72920000,588,8
3648,72940000,588,8
3649,72960000,588,8
3650,72980000,588,8
3651,73000000,588,8
3652,73020000,877,13
3653,73040000,877,13
3654,73060000,877,13
3655,73080000,588,8
3656,73100000,877,13
3657,73120000,877,13
3658,73140000,877,13
3659,73160000,877,13
3660,73180000,877,13
3661,73200000,588,8
3662,73220000,588,8
3663,73240000,588,8
3664,73260000,588,8
3665,73280000,299,4
3666,73300000,299,4
3667,73320000,10,0
3668,73340000,-279,-4
3669,73360000,-279,-4
3670,73380000,-279,-4
3671,73400000,-568,-8
3672,73420000,-568,-8
3673,73440000,-857,-13
3674,73460000,-857,-13
3675,73480000,-857,-13
3676,73500000,-1146,-17
3677,73520000,-1146,-17
3678,73540000,-1146,-17
3679,73560000,-1146,-17
3680,73580000,-1146,-17
3681,73600000,-1146,-17
3682,73620000,-857,-13
3683,73640000,-857,-13
3684,73660000,-857,-13
3685,73680000,-857,-13
3686,73700000,-568,-8
3687,73720000,-279,-4
3688,73740000,-279,-4
3689,73760000,10,0
3690,73780000,10,0
3691,73800000,299,4
3692,73820000,588,8
3693,73840000,588,8
3694,73860000,877,13
3695,73880000,877,13
3696,73900000,1166,17
3697,73920000,877,13
3698,73940000,1166,17
3699,73960000,1166,17
3700,73980000,1166,17
3701,74000000,1166,17
3702,74020000,1166,17
3703,74040000,1166,17
3704,74060000,1166,17
3705,74080000,1166,17
3706,74100000,877,13
3707,74120000,877,13
3708,74140000,877,13
3709,74160000,588,8
3710,74180000,588,8
3711,74200000,299,4
3712,74220000,10,0
3713,74240000,10,0
3714,74260000,10,0
3715,74280000,-279,-4
3716,74300000,-279,-4
3717,74320000,-568,-8
3718,74340000,-279,-4
3719,74360000,-568,-8
3720,74380000,-568,-8
3721,74400000,-568,-8
3722,74420000,-568,-8
3723,74440000,-279,-4
3724,74460000,-279,-4
3725,74480000,-279,-4
3726,74500000,-279,-4
3727,74520000,-279,-4
3728,74540000,10,0
3729,74560000,10,0
3730,74580000,10,0
3731,74600000,10,0
3732,74620000,10,0
3733,74640000,10,0
3734,74660000,299,4
3735,74680000,299,4
3736,74700000,299,4
3737,74720000,299,4
3738,74740000,299,4
3739,74760000,299,4
3740,74780000,299,4
3741,74800000,10,0
3742,74820000,10,0
3743,74840000,10,0
3744,74860000,10,0
3745,74880000,-279,-4
3746,74900000,-279,-4
3747,74920000,-568,-8
3748,74940000,-568,-8
3749,74960000,-568,-8
3750,74980000,-568,-8
3751,75000000,-857,-13
3752,75020000,-857,-13
3753,75040000,-857,-13
3754,75060000,-857,-13
3755,75080000,-857,-13
3756,75100000,-857,-13
3757,75120000,-857,-13
3758,75140000,-857,-13
3759,75160000,-568,-8
3760,75180000,-279,-4
3761,75200000,10,0
3762,75220000,10,0
3763,75240000,299,4
3764,75260000,299,4
3765,75280000,588,8
3766,75300000,877,13
3767,75320000,877,13
3768,75340000,1166,17
3769,75360000,1455,22
3770,75380000,1455,22
3771,75400000,1455,22
3772,75420000,1744,26
3773,75440000,1744,26
3774,75460000,1744,26
3775,75480000,2033,31
3776,75500000,2033,31
3777,75520000,2033,31
3778,75540000,2033,31
3779,75560000,1744,26
3780,75580000,1744,26
3781,75600000,1455,22
3782,75620000,1166,17
3783,75640000,588,8
3784,75660000,588,8
3785,75680000,10,0
3786,75700000,-279,-4
3787,75720000,-568,-8
3788,75740000,-1146,-17
3789,75760000,-1435,-21
3790,75780000,-1724,-26
3791,75800000,-2013,-30
3792,75820000,-2013,-30
3793,75840000,-2303,-35
3794,75860000,-2303,-35
3795,75880000,-2592,-39
3796,75900000,-2592,-39
3797,75920000,-2592,-39
3798,75940000,-2592,-39
3799,75960000,-2592,-39
3800,75980000,-2303,-35
3801,76000000,-2303,-35
3802,76020000,-2303,-35
3803,76040000,-2013,-30
3804,76060000,-1724,-26
3805,76080000,-1435,-21
3806,76100000,-1146,-17
3807,76120000,-568,-8
3808,76140000,10,0
3809,76160000,299,4
3810,76180000,588,8
3811,76200000,877,13
3812,76220000,1166,17
3813,76240000,1744,26
3814,76260000,2033,31
3815,76280000,2033,31
3816,76300000,2322,35
3817,76320000,2322,35
3818,76340000,2611,39
3819,76360000,2611,39
3820,76380000,2611,39
3821,76400000,2611,39
3822,76420000,2611,39
3823,76440000,2611,39
3824,76460000,2611,39
3825,76480000,2322,35
3826,76500000,2322,35
3827,76520000,2033,31
3828,76540000,1744,26
3829,76560000,1455,22
3830,76580000,1166,17
3831,76600000,877,13
3832,76620000,588,8
3833,76640000,299,4
3834,76660000,10,0
3835,76680000,-279,-4
3836,76700000,-568,-8
3837,76720000,-568,-8
3838,76740000,-857,-13
3839,76760000,-1146,-17
3840,76780000,-1435,-21
3841,76800000,-1435,-21
3842,76820000,-1724,-26
3843,76840000,-1724,-26
3844,76860000,-1724,-26
3845,76880000,-2013,-30
3846,76900000,-1724,-26
3847,76920000,-1724,-26
3848,76940000,-1724,-26
3849,76960000,-1724,-26
3850,76980000,-1724,-26
3851,77000000,-1435,-21
3852,77020000,-1435,-21
3853,77040000,-1146,-17
3854,77060000,-1146,-17
3855,77080000,-857,-13
3856,77100000,-857,-13
3857,77120000,-857,-13
3858,77140000,-568,-8
3859,77160000,-279,-4
3860,77180000,-279,-4
3861,77200000,10,0
3862,77220000,10,0
3863,77240000,10,0
3864,77260000,299,4
3865,77280000,588,8
3866,77300000,588,8
3867,77320000,877,13
3868,77340000,877,13
3869,77360000,877,13
3870,77380000,1166,17
3871,77400000,877,13
3872,77420000,877,13
3873,77440000,877,13
3874,77460000,1166,17
3875,77480000,1166,17
3876,77500000,1166,17
3877,77520000,877,13
3878,77540000,877,13
3879,77560000,877,13
3880,77580000,588,8
3881,77600000,588,8
3882,77620000,588,8
3883,77640000,588,8
3884,77660000,299,4
3885,77680000,299,4
3886,77700000,299,4
3887,77720000,10,0
3888,77740000,10,0
3889,77760000,10,0
3890,77780000,-279,-4
3891,77800000,-279,-4
3892,77820000,-568,-8
3893,77840000,-568,-8
3894,77860000,-568,-8
3895,77880000,-568,-8
3896,77900000,-568,-8
3897,77920000,-568,-8
3898,77940000,-279,-4
3899,77960000,-568,-8
3900,77980000,-568,-8
3901,78000000,-568,-8
3902,78020000,-279,-4
3903,78040000,-279,-4
3904,78060000,10,0
3905,78080000,10,0
3906,78100000,299,4
3907,78120000,299,4
3908,78140000,299,4
3909,78160000,299,4
3910,78180000,588,8
3911,78200000,588,8
3912,78220000,588,8
3913,78240000,588,8
3914,78260000,588,8
3915,78280000,588,8
3916,78300000,588,8
3917,78320000,588,8
3918,78340000,588,8
3919,78360000,588,8
3920,78380000,588,8
3921,78400000,299,4
3922,78420000,299,4
3923,78440000,299,4
3924,78460000,10,0
3925,78480000,299,4
3926,78500000,10,0
3927,78520000,-279,-4
3928,78540000,-279,-4
3929,78560000,-568,-8
3930,78580000,-568,-8
3931,78600000,-568,-8
3932,78620000,-568,-8
3933,78640000,-857,-13
3934,78660000,-857,-13
3935,78680000,-857,-13
3936,78700000,-857,-13
3937,78720000,-857,-13
3938,78740000,-857,-13
3939,78760000,-857,-13
3940,78780000,-857,-13
3941,78800000,-857,-13
3942,78820000,-857,-13
3943,78840000,-568,-8
3944,78860000,-568,-8
3945,78880000,-568,-8
3946,78900000,-279,-4
3947,78920000,-279,-4
3948,78940000,10,0
3949,78960000,10,0
3950,78980000,10,0
3951,79000000,10,0
3952,79020000,299,4
3953,79040000,299,4
3954,79060000,588,8
3955,79080000,588,8
3956,79100000,588,8
3957,79120000,588,8
3958,79140000,877,13
3959,79160000,877,13
3960,79180000,877,13
3961,79200000,1166,17
3962,79220000,1166,17
3963,79240000,877,13
3964,79260000,877,13
3965,79280000,877,13
3966,79300000,877,13
3967,79320000,877,13
3968,79340000,877,13
3969,79360000,877,13
3970,79380000,877,13
3971,79400000,588,8
3972,79420000,588,8
3973,79440000,877,13
3974,79460000,588,8
3975,79480000,588,8
3976,79500000,299,4
3977,79520000,299,4
3978,79540000,299,4
3979,79560000,10,0
3980,79580000,10,0
3981,79600000,10,0
3982,79620000,10,0
3983,79640000,10,0
3984,79660000,10,0
3985,79680000,10,0
3986,79700000,-279,-4
3987,79720000,-279,-4
3988,79740000,-568,-8
3989,79760000,-279,-4
3990,79780000,-279,-4
3991,79800000,-568,-8
3992,79820000,-279,-4
3993,79840000,-568,-8
3994,79860000,-279,-4
3995,79880000,-568,-8
3996,79900000,-279,-4
3997,79920000,-568,-8
3998,79940000,-568,-8
3999,79960000,-279,-4
4000,79980000,-279,-4
4001,80000000,-279,-4
4002,80020000,-279,-4
4003,80040000,-279,-4
4004,80060000,-279,-4
4005,80080000,10,0
4006,80100000,10,0
4007,80120000,10,0
4008,80140000,10,0
4009,80160000,10,0
4010,80180000,10,0
4011,80200000,10,0
4012,80220000,299,4
4013,80240000,299,4
4014,80260000,299,4
4015,80280000,299,4
4016,80300000,299,4
4017,80320000,299,4
4018,80340000,299,4
4019,80360000,299,4
4020,80380000,299,4
4021,80400000,299,4
4022,80420000,299,4
4023,80440000,299,4
4024,80460000,299,4
4025,80480000,299,4
4026,80500000,299,4
4027,80520000,299,4
4028,80540000,299,4
4029,80560000,299,4
4030,80580000,10,0
4031,80600000,10,0
4032,80620000,10,0
4033,80640000,299,4
4034,80660000,10,0
4035,80680000,299,4
4036,80700000,299,4
4037,80720000,299,4
4038,80740000,299,4
4039,80760000,299,4
4040,80780000,299,4
4041,80800000,299,4
4042,80820000,299,4
4043,80840000,299,4
4044,80860000,299,4
4045,80880000,299,4
4046,80900000,299,4
4047,80920000,299,4
4048,80940000,299,4
4049,80960000,299,4
4050,80980000,299,4
4051,81000000,299,4
4052,81020000,299,4
4053,81040000,299,4
4054,81060000,299,4
4055,81080000,299,4
4056,81100000,10,0
4057,81120000,299,4
4058,81140000,299,4
4059,81160000,10,0
4060,81180000,10,0
4061,81200000,10,0
4062,81220000,10,0
4063,81240000,10,0
4064,81260000,10,0
4065,81280000,10,0
4066,81300000,10,0
4067,81320000,10,0
4068,81340000,-279,-4
4069,81360000,-279,-4
4070,81380000,-279,-4
4071,81400000,10,0
4072,81420000,-279,-4
4073,81440000,-279,-4
4074,81460000,-279,-4
4075,81480000,-279,-4
4076,81500000,10,0
4077,81520000,-279,-4
4078,81540000,-279,-4
4079,81560000,-279,-4
4080,81580000,10,0
4081,81600000,-279,-4
4082,81620000,-279,-4
4083,81640000,10,0
4084,81660000,-279,-4
4085,81680000,10,0
4086,81700000,10,0
4087,81720000,10,0
4088,81740000,10,0
4089,81760000,10,0
4090,81780000,10,0
4091,81800000,10,0
4092,81820000,10,0
4093,81840000,10,0
4094,81860000,10,0
4095,81880000,299,4
